-- phpMyAdmin SQL Dump
-- version 5.2.1
-- https://www.phpmyadmin.net/
--
-- Hôte : 127.0.0.1
-- Généré le : mar. 30 déc. 2025 à 14:37
-- Version du serveur : 10.4.32-MariaDB
-- Version de PHP : 8.2.12

SET SQL_MODE = "NO_AUTO_VALUE_ON_ZERO";
START TRANSACTION;
SET time_zone = "+00:00";


/*!40101 SET @OLD_CHARACTER_SET_CLIENT=@@CHARACTER_SET_CLIENT */;
/*!40101 SET @OLD_CHARACTER_SET_RESULTS=@@CHARACTER_SET_RESULTS */;
/*!40101 SET @OLD_COLLATION_CONNECTION=@@COLLATION_CONNECTION */;
/*!40101 SET NAMES utf8mb4 */;

--
-- Base de données : `ecole_plus`
--

-- --------------------------------------------------------

--
-- Structure de la table `bulletins`
--

CREATE TABLE `bulletins` (
  `id` int(11) NOT NULL,
  `eleve_id` int(11) NOT NULL,
  `annee_scolaire` varchar(255) NOT NULL,
  `moyenne` decimal(5,2) DEFAULT NULL,
  `date_creation` timestamp NOT NULL DEFAULT current_timestamp()
) ENGINE=InnoDB DEFAULT CHARSET=utf8mb4 COLLATE=utf8mb4_general_ci;

-- --------------------------------------------------------

--
-- Structure de la table `classes`
--

CREATE TABLE `classes` (
  `id` int(11) NOT NULL,
  `nom` varchar(255) NOT NULL,
  `annee_scolaire` varchar(255) NOT NULL
) ENGINE=InnoDB DEFAULT CHARSET=utf8mb4 COLLATE=utf8mb4_general_ci;

--
-- Déchargement des données de la table `classes`
--

INSERT INTO `classes` (`id`, `nom`, `annee_scolaire`) VALUES
(1, '6ème', '2025-2026'),
(3, '5ème', '2025-2026'),
(5, '4ème', '2025-2026'),
(7, '3ème', '2025-2026'),
(9, '2nde A', 'undefined'),
(10, '2nde C', 'undefined'),
(11, '1ère A', '2025-2026'),
(12, '1ère D', '2025-2026'),
(13, 'Tle A', '2025-2026'),
(14, 'Tle D', '2025-2026'),
(15, '2nde D', '2023-2024'),
(16, '2nde B', '2023-2024'),
(17, '1ère B', '2023-2024'),
(18, '1ère C', '2023-2024'),
(19, 'Tle B', '2023-2024'),
(20, 'Tle C', '2023-2024');

-- --------------------------------------------------------

--
-- Structure de la table `classe_matiere_coeff`
--

CREATE TABLE `classe_matiere_coeff` (
  `classe_id` int(11) NOT NULL,
  `matiere_id` int(11) NOT NULL,
  `coefficient` decimal(4,2) NOT NULL
) ENGINE=InnoDB DEFAULT CHARSET=utf8mb4 COLLATE=utf8mb4_general_ci;

--
-- Déchargement des données de la table `classe_matiere_coeff`
--

INSERT INTO `classe_matiere_coeff` (`classe_id`, `matiere_id`, `coefficient`) VALUES
(1, 1, 2.00),
(1, 2, 3.00),
(1, 3, 2.00),
(1, 4, 2.00),
(1, 5, 2.00),
(1, 6, 4.00),
(1, 7, 2.00),
(1, 8, 1.00),
(3, 1, 2.00),
(3, 2, 3.00),
(3, 3, 2.00),
(3, 4, 2.00),
(3, 5, 2.00),
(3, 6, 4.00),
(3, 7, 2.00),
(3, 8, 1.00),
(3, 9, 2.00),
(3, 10, 4.00),
(3, 11, 2.00),
(3, 12, 3.00),
(3, 13, 2.00),
(5, 1, 2.00),
(5, 2, 3.00),
(5, 3, 2.00),
(5, 4, 2.00),
(5, 5, 2.00),
(5, 6, 4.00),
(5, 7, 2.00),
(5, 8, 1.00),
(7, 1, 2.00),
(7, 2, 3.00),
(7, 3, 2.00),
(7, 4, 2.00),
(7, 5, 2.00),
(7, 6, 4.00),
(7, 7, 2.00),
(7, 8, 1.00),
(10, 3, 2.00),
(10, 4, 2.00),
(10, 5, 2.00),
(10, 6, 4.00),
(10, 7, 2.00),
(10, 8, 1.00),
(10, 9, 2.00),
(10, 10, 4.00),
(11, 3, 2.00),
(11, 4, 2.00),
(11, 6, 2.00),
(11, 7, 4.00),
(11, 8, 1.00),
(11, 9, 4.00),
(11, 10, 4.00),
(11, 11, 2.00),
(11, 13, 2.00),
(12, 3, 2.00),
(12, 4, 2.00),
(12, 5, 2.00),
(12, 6, 4.00),
(12, 7, 2.00),
(12, 8, 1.00),
(12, 9, 2.00),
(12, 10, 4.00),
(14, 3, 2.00),
(14, 4, 2.00),
(14, 5, 2.00),
(14, 6, 4.00),
(14, 7, 2.00),
(14, 8, 1.00),
(14, 9, 2.00),
(14, 10, 4.00);

-- --------------------------------------------------------

--
-- Structure de la table `coefficients`
--

CREATE TABLE `coefficients` (
  `id` int(11) NOT NULL,
  `matiere_id` int(11) NOT NULL,
  `valeur` int(11) DEFAULT 1
) ENGINE=InnoDB DEFAULT CHARSET=utf8mb4 COLLATE=utf8mb4_general_ci;

-- --------------------------------------------------------

--
-- Structure de la table `deliberations`
--

CREATE TABLE `deliberations` (
  `id` int(11) NOT NULL,
  `classe_id` int(11) NOT NULL,
  `semestre_id` int(11) NOT NULL,
  `date_cloture` timestamp NOT NULL DEFAULT current_timestamp(),
  `responsable_id` int(11) NOT NULL
) ENGINE=InnoDB DEFAULT CHARSET=utf8mb4 COLLATE=utf8mb4_general_ci;

-- --------------------------------------------------------

--
-- Structure de la table `eleves`
--

CREATE TABLE `eleves` (
  `id` int(11) NOT NULL,
  `user_id` int(11) NOT NULL,
  `classe_id` int(11) NOT NULL,
  `serie_id` int(11) DEFAULT NULL
) ENGINE=InnoDB DEFAULT CHARSET=utf8mb4 COLLATE=utf8mb4_general_ci;

--
-- Déchargement des données de la table `eleves`
--

INSERT INTO `eleves` (`id`, `user_id`, `classe_id`, `serie_id`) VALUES
(18, 55, 1, NULL),
(19, 57, 1, NULL),
(20, 59, 3, NULL),
(21, 61, 3, NULL),
(22, 63, 5, NULL),
(23, 65, 5, NULL),
(24, 67, 7, NULL),
(25, 69, 7, NULL),
(26, 71, 9, NULL),
(27, 73, 9, NULL),
(28, 75, 16, NULL),
(29, 77, 16, NULL),
(30, 79, 10, NULL),
(31, 81, 10, NULL),
(32, 83, 15, NULL),
(33, 85, 15, NULL),
(34, 87, 11, NULL),
(35, 89, 11, NULL),
(36, 91, 17, NULL),
(37, 93, 17, NULL),
(38, 95, 18, NULL),
(39, 97, 18, NULL),
(40, 99, 18, NULL),
(41, 101, 12, NULL),
(42, 103, 12, NULL),
(43, 105, 13, NULL),
(45, 109, 13, NULL),
(46, 111, 20, NULL),
(47, 113, 20, NULL),
(48, 115, 19, NULL),
(49, 117, 14, NULL),
(50, 119, 14, NULL),
(51, 126, 13, NULL);

-- --------------------------------------------------------

--
-- Structure de la table `enseignants`
--

CREATE TABLE `enseignants` (
  `id` int(11) NOT NULL,
  `user_id` int(11) NOT NULL,
  `matiere` varchar(255) DEFAULT NULL
) ENGINE=InnoDB DEFAULT CHARSET=utf8mb4 COLLATE=utf8mb4_general_ci;

--
-- Déchargement des données de la table `enseignants`
--

INSERT INTO `enseignants` (`id`, `user_id`, `matiere`) VALUES
(4, 121, 'Maths'),
(5, 122, 'Histoire & Géographie'),
(6, 123, 'SVT'),
(7, 124, 'Anglais'),
(8, 125, 'Communication écrite et Lecture');

-- --------------------------------------------------------

--
-- Structure de la table `enseignant_classe`
--

CREATE TABLE `enseignant_classe` (
  `enseignant_id` int(11) NOT NULL,
  `classe_id` int(11) NOT NULL
) ENGINE=InnoDB DEFAULT CHARSET=utf8mb4 COLLATE=utf8mb4_general_ci;

--
-- Déchargement des données de la table `enseignant_classe`
--

INSERT INTO `enseignant_classe` (`enseignant_id`, `classe_id`) VALUES
(4, 1),
(4, 3),
(4, 5),
(4, 7),
(4, 9),
(4, 10),
(4, 11),
(4, 12),
(4, 13),
(4, 14),
(4, 15),
(4, 16),
(4, 17),
(4, 18),
(4, 19),
(4, 20),
(5, 1),
(5, 3),
(5, 5),
(5, 7),
(5, 9),
(5, 10),
(5, 11),
(5, 12),
(5, 13),
(5, 14),
(5, 15),
(5, 16),
(5, 17),
(5, 18),
(5, 19),
(5, 20),
(6, 1),
(6, 3),
(6, 5),
(6, 7),
(6, 9),
(6, 10),
(6, 11),
(6, 12),
(6, 13),
(6, 14),
(6, 15),
(6, 16),
(6, 17),
(6, 18),
(6, 19),
(6, 20),
(7, 1),
(7, 3),
(7, 5),
(7, 7),
(7, 9),
(7, 10),
(7, 11),
(7, 12),
(7, 13),
(7, 14),
(7, 15),
(7, 16),
(7, 17),
(7, 18),
(7, 19),
(7, 20),
(8, 1),
(8, 3),
(8, 5),
(8, 7);

-- --------------------------------------------------------

--
-- Structure de la table `evaluations`
--

CREATE TABLE `evaluations` (
  `id` int(11) NOT NULL,
  `matiere_id` int(11) NOT NULL,
  `eleve_id` int(11) NOT NULL,
  `semestre_id` int(11) NOT NULL,
  `valeur` decimal(5,2) NOT NULL,
  `date_eval` date DEFAULT curdate()
) ENGINE=InnoDB DEFAULT CHARSET=utf8mb4 COLLATE=utf8mb4_general_ci;

-- --------------------------------------------------------

--
-- Structure de la table `matieres`
--

CREATE TABLE `matieres` (
  `id` int(11) NOT NULL,
  `nom` varchar(255) NOT NULL,
  `coefficient` int(11) DEFAULT 1
) ENGINE=InnoDB DEFAULT CHARSET=utf8mb4 COLLATE=utf8mb4_general_ci;

--
-- Déchargement des données de la table `matieres`
--

INSERT INTO `matieres` (`id`, `nom`, `coefficient`) VALUES
(1, 'Lecture', 2),
(2, 'Communication écrite', 3),
(3, 'Anglais', 2),
(4, 'SVT', 2),
(5, 'PCT', 2),
(6, 'Maths', 4),
(7, 'Histoire & Géographie', 2),
(8, 'EPS', 1),
(9, 'Philosophie', 2),
(10, 'Français', 4),
(11, 'Allemand', 2),
(12, 'Économie', 3),
(13, 'Espagnol', 2);

-- --------------------------------------------------------

--
-- Structure de la table `notes`
--

CREATE TABLE `notes` (
  `id` int(11) NOT NULL,
  `eleve_id` int(11) NOT NULL,
  `matiere_id` int(11) NOT NULL,
  `semestre_id` int(11) NOT NULL,
  `valeur` decimal(5,2) NOT NULL,
  `date_note` date DEFAULT curdate(),
  `statut` enum('BROUILLON','VALIDE') DEFAULT 'BROUILLON',
  `verrouille` tinyint(1) DEFAULT 0,
  `type_evaluation` enum('DEVOIR','INTERROGATION') DEFAULT 'DEVOIR',
  `numero_evaluation` tinyint(4) DEFAULT 1
) ENGINE=InnoDB DEFAULT CHARSET=utf8mb4 COLLATE=utf8mb4_general_ci;

--
-- Déchargement des données de la table `notes`
--

INSERT INTO `notes` (`id`, `eleve_id`, `matiere_id`, `semestre_id`, `valeur`, `date_note`, `statut`, `verrouille`, `type_evaluation`, `numero_evaluation`) VALUES
(9, 18, 2, 1, 15.00, '2025-12-28', 'VALIDE', 0, 'INTERROGATION', 1),
(10, 18, 2, 1, 14.00, '2025-12-28', 'VALIDE', 0, 'INTERROGATION', 2),
(11, 18, 2, 1, 12.00, '2025-12-28', 'VALIDE', 0, 'INTERROGATION', 3),
(12, 18, 2, 1, 13.00, '2025-12-28', 'VALIDE', 0, 'DEVOIR', 1),
(13, 18, 2, 1, 14.00, '2025-12-28', 'VALIDE', 0, 'DEVOIR', 2),
(14, 19, 2, 1, 19.00, '2025-12-28', 'VALIDE', 0, 'INTERROGATION', 1),
(15, 19, 2, 1, 16.00, '2025-12-28', 'VALIDE', 0, 'INTERROGATION', 2),
(16, 19, 2, 1, 10.00, '2025-12-28', 'VALIDE', 0, 'INTERROGATION', 3),
(17, 19, 2, 1, 12.00, '2025-12-28', 'VALIDE', 0, 'DEVOIR', 1),
(18, 19, 2, 1, 15.00, '2025-12-28', 'VALIDE', 0, 'DEVOIR', 2),
(19, 18, 1, 1, 12.00, '2025-12-28', 'VALIDE', 0, 'INTERROGATION', 1),
(20, 18, 1, 1, 13.00, '2025-12-28', 'VALIDE', 0, 'INTERROGATION', 2),
(21, 18, 1, 1, 16.00, '2025-12-28', 'VALIDE', 0, 'INTERROGATION', 3),
(22, 18, 1, 1, 18.00, '2025-12-28', 'VALIDE', 0, 'DEVOIR', 1),
(23, 18, 1, 1, 19.00, '2025-12-28', 'VALIDE', 0, 'DEVOIR', 2),
(24, 19, 1, 1, 14.00, '2025-12-28', 'VALIDE', 0, 'INTERROGATION', 1),
(25, 19, 1, 1, 15.00, '2025-12-28', 'VALIDE', 0, 'INTERROGATION', 2),
(26, 19, 1, 1, 16.00, '2025-12-28', 'VALIDE', 0, 'INTERROGATION', 3),
(27, 19, 1, 1, 2.00, '2025-12-28', 'VALIDE', 0, 'DEVOIR', 1),
(28, 19, 1, 1, 5.00, '2025-12-28', 'VALIDE', 0, 'DEVOIR', 2),
(29, 18, 1, 2, 10.00, '2025-12-28', 'VALIDE', 0, 'INTERROGATION', 1),
(30, 18, 1, 2, 11.00, '2025-12-28', 'VALIDE', 0, 'INTERROGATION', 2),
(31, 18, 1, 2, 12.00, '2025-12-28', 'VALIDE', 0, 'INTERROGATION', 3),
(32, 18, 1, 2, 14.00, '2025-12-28', 'VALIDE', 0, 'DEVOIR', 1),
(33, 18, 1, 2, 15.00, '2025-12-28', 'VALIDE', 0, 'DEVOIR', 2),
(34, 19, 1, 2, 4.00, '2025-12-28', 'VALIDE', 0, 'INTERROGATION', 1),
(35, 19, 1, 2, 5.00, '2025-12-28', 'VALIDE', 0, 'INTERROGATION', 2),
(36, 19, 1, 2, 6.00, '2025-12-28', 'VALIDE', 0, 'INTERROGATION', 3),
(37, 19, 1, 2, 7.00, '2025-12-28', 'VALIDE', 0, 'DEVOIR', 1),
(38, 19, 1, 2, 8.00, '2025-12-28', 'VALIDE', 0, 'DEVOIR', 2),
(39, 18, 2, 2, 12.00, '2025-12-28', 'VALIDE', 0, 'INTERROGATION', 1),
(40, 18, 2, 2, 13.00, '2025-12-28', 'VALIDE', 0, 'INTERROGATION', 2),
(41, 18, 2, 2, 11.00, '2025-12-28', 'VALIDE', 0, 'INTERROGATION', 3),
(42, 18, 2, 2, 12.00, '2025-12-28', 'VALIDE', 0, 'DEVOIR', 1),
(43, 18, 2, 2, 13.00, '2025-12-28', 'VALIDE', 0, 'DEVOIR', 2),
(44, 19, 2, 2, 14.00, '2025-12-28', 'VALIDE', 0, 'INTERROGATION', 1),
(45, 19, 2, 2, 12.00, '2025-12-28', 'VALIDE', 0, 'INTERROGATION', 2),
(46, 19, 2, 2, 20.00, '2025-12-28', 'VALIDE', 0, 'INTERROGATION', 3),
(47, 19, 2, 2, 10.00, '2025-12-28', 'VALIDE', 0, 'DEVOIR', 1),
(48, 19, 2, 2, 8.00, '2025-12-28', 'VALIDE', 0, 'DEVOIR', 2),
(49, 20, 2, 2, 15.00, '2025-12-28', 'VALIDE', 0, 'INTERROGATION', 1),
(50, 20, 2, 2, 12.00, '2025-12-28', 'VALIDE', 0, 'INTERROGATION', 2),
(51, 20, 2, 2, 18.00, '2025-12-28', 'VALIDE', 0, 'INTERROGATION', 3),
(52, 20, 2, 2, 14.00, '2025-12-28', 'VALIDE', 0, 'DEVOIR', 1),
(53, 20, 2, 2, 12.00, '2025-12-28', 'VALIDE', 0, 'DEVOIR', 2),
(54, 21, 2, 2, 12.75, '2025-12-28', 'VALIDE', 0, 'INTERROGATION', 1),
(55, 21, 2, 2, 15.00, '2025-12-28', 'VALIDE', 0, 'INTERROGATION', 2),
(56, 21, 2, 2, 14.25, '2025-12-28', 'VALIDE', 0, 'INTERROGATION', 3),
(57, 21, 2, 2, 16.00, '2025-12-28', 'VALIDE', 0, 'DEVOIR', 1),
(58, 21, 2, 2, 10.00, '2025-12-28', 'VALIDE', 0, 'DEVOIR', 2),
(59, 20, 2, 1, 14.00, '2025-12-28', 'VALIDE', 0, 'INTERROGATION', 1),
(60, 20, 2, 1, 12.00, '2025-12-28', 'VALIDE', 0, 'INTERROGATION', 2),
(61, 20, 2, 1, 10.00, '2025-12-28', 'VALIDE', 0, 'INTERROGATION', 3),
(62, 20, 2, 1, 11.00, '2025-12-28', 'VALIDE', 0, 'DEVOIR', 1),
(63, 20, 2, 1, 15.00, '2025-12-28', 'VALIDE', 0, 'DEVOIR', 2),
(64, 21, 2, 1, 12.00, '2025-12-28', 'VALIDE', 0, 'INTERROGATION', 1),
(65, 21, 2, 1, 15.00, '2025-12-28', 'VALIDE', 0, 'INTERROGATION', 2),
(66, 21, 2, 1, 9.00, '2025-12-28', 'VALIDE', 0, 'INTERROGATION', 3),
(67, 21, 2, 1, 12.00, '2025-12-28', 'VALIDE', 0, 'DEVOIR', 1),
(68, 21, 2, 1, 11.00, '2025-12-28', 'VALIDE', 0, 'DEVOIR', 2),
(69, 20, 1, 1, 12.00, '2025-12-28', 'VALIDE', 0, 'INTERROGATION', 1),
(70, 20, 1, 1, 13.00, '2025-12-28', 'VALIDE', 0, 'INTERROGATION', 2),
(71, 20, 1, 1, 14.00, '2025-12-28', 'VALIDE', 0, 'INTERROGATION', 3),
(72, 20, 1, 1, 15.00, '2025-12-28', 'VALIDE', 0, 'DEVOIR', 1),
(73, 20, 1, 1, 16.00, '2025-12-28', 'VALIDE', 0, 'DEVOIR', 2),
(74, 21, 1, 1, 10.00, '2025-12-28', 'VALIDE', 0, 'INTERROGATION', 1),
(75, 21, 1, 1, 11.00, '2025-12-28', 'VALIDE', 0, 'INTERROGATION', 2),
(76, 21, 1, 1, 12.00, '2025-12-28', 'VALIDE', 0, 'INTERROGATION', 3),
(77, 21, 1, 1, 13.00, '2025-12-28', 'VALIDE', 0, 'DEVOIR', 1),
(78, 21, 1, 1, 14.00, '2025-12-28', 'VALIDE', 0, 'DEVOIR', 2),
(79, 20, 1, 2, 20.00, '2025-12-28', 'VALIDE', 0, 'INTERROGATION', 1),
(80, 20, 1, 2, 19.00, '2025-12-28', 'VALIDE', 0, 'INTERROGATION', 2),
(81, 20, 1, 2, 18.00, '2025-12-28', 'VALIDE', 0, 'INTERROGATION', 3),
(82, 20, 1, 2, 17.00, '2025-12-28', 'VALIDE', 0, 'DEVOIR', 1),
(83, 20, 1, 2, 16.00, '2025-12-28', 'VALIDE', 0, 'DEVOIR', 2),
(84, 21, 1, 2, 16.00, '2025-12-28', 'VALIDE', 0, 'INTERROGATION', 1),
(85, 21, 1, 2, 17.00, '2025-12-28', 'VALIDE', 0, 'INTERROGATION', 2),
(86, 21, 1, 2, 18.00, '2025-12-28', 'VALIDE', 0, 'INTERROGATION', 3),
(87, 21, 1, 2, 19.00, '2025-12-28', 'VALIDE', 0, 'DEVOIR', 1),
(88, 21, 1, 2, 20.00, '2025-12-28', 'VALIDE', 0, 'DEVOIR', 2),
(89, 22, 2, 1, 15.00, '2025-12-28', 'VALIDE', 0, 'INTERROGATION', 1),
(90, 22, 2, 1, 14.00, '2025-12-28', 'VALIDE', 0, 'INTERROGATION', 2),
(91, 22, 2, 1, 13.00, '2025-12-28', 'VALIDE', 0, 'INTERROGATION', 3),
(92, 22, 2, 1, 12.00, '2025-12-28', 'VALIDE', 0, 'DEVOIR', 1),
(93, 22, 2, 1, 11.00, '2025-12-28', 'VALIDE', 0, 'DEVOIR', 2),
(94, 23, 2, 1, 9.00, '2025-12-28', 'VALIDE', 0, 'INTERROGATION', 1),
(95, 23, 2, 1, 10.00, '2025-12-28', 'VALIDE', 0, 'INTERROGATION', 2),
(96, 23, 2, 1, 11.00, '2025-12-28', 'VALIDE', 0, 'INTERROGATION', 3),
(97, 23, 2, 1, 12.00, '2025-12-28', 'VALIDE', 0, 'DEVOIR', 1),
(98, 23, 2, 1, 13.00, '2025-12-28', 'VALIDE', 0, 'DEVOIR', 2),
(99, 22, 2, 2, 10.00, '2025-12-28', 'VALIDE', 0, 'INTERROGATION', 1),
(100, 22, 2, 2, 11.00, '2025-12-28', 'VALIDE', 0, 'INTERROGATION', 2),
(101, 22, 2, 2, 12.00, '2025-12-28', 'VALIDE', 0, 'INTERROGATION', 3),
(102, 22, 2, 2, 9.00, '2025-12-28', 'VALIDE', 0, 'DEVOIR', 1),
(103, 22, 2, 2, 8.00, '2025-12-28', 'VALIDE', 0, 'DEVOIR', 2),
(104, 23, 2, 2, 12.00, '2025-12-28', 'VALIDE', 0, 'INTERROGATION', 1),
(105, 23, 2, 2, 13.00, '2025-12-28', 'VALIDE', 0, 'INTERROGATION', 2),
(106, 23, 2, 2, 14.00, '2025-12-28', 'VALIDE', 0, 'INTERROGATION', 3),
(107, 23, 2, 2, 12.00, '2025-12-28', 'VALIDE', 0, 'DEVOIR', 1),
(108, 23, 2, 2, 15.00, '2025-12-28', 'VALIDE', 0, 'DEVOIR', 2),
(109, 24, 2, 1, 9.00, '2025-12-28', 'VALIDE', 0, 'INTERROGATION', 1),
(110, 24, 2, 1, 10.00, '2025-12-28', 'VALIDE', 0, 'INTERROGATION', 2),
(111, 24, 2, 1, 11.00, '2025-12-28', 'VALIDE', 0, 'INTERROGATION', 3),
(112, 24, 2, 1, 12.00, '2025-12-28', 'VALIDE', 0, 'DEVOIR', 1),
(113, 24, 2, 1, 13.00, '2025-12-28', 'VALIDE', 0, 'DEVOIR', 2),
(114, 25, 2, 1, 15.00, '2025-12-28', 'VALIDE', 0, 'INTERROGATION', 1),
(115, 25, 2, 1, 14.00, '2025-12-28', 'VALIDE', 0, 'INTERROGATION', 2),
(116, 25, 2, 1, 10.00, '2025-12-28', 'VALIDE', 0, 'INTERROGATION', 3),
(117, 25, 2, 1, 9.00, '2025-12-28', 'VALIDE', 0, 'DEVOIR', 1),
(118, 25, 2, 1, 8.00, '2025-12-28', 'VALIDE', 0, 'DEVOIR', 2),
(119, 24, 2, 2, 14.00, '2025-12-28', 'VALIDE', 0, 'INTERROGATION', 1),
(120, 24, 2, 2, 15.00, '2025-12-28', 'VALIDE', 0, 'INTERROGATION', 2),
(121, 24, 2, 2, 12.00, '2025-12-28', 'VALIDE', 0, 'INTERROGATION', 3),
(122, 24, 2, 2, 14.00, '2025-12-28', 'VALIDE', 0, 'DEVOIR', 1),
(123, 24, 2, 2, 15.00, '2025-12-28', 'VALIDE', 0, 'DEVOIR', 2),
(124, 25, 2, 2, 15.00, '2025-12-28', 'VALIDE', 0, 'INTERROGATION', 1),
(125, 25, 2, 2, 12.00, '2025-12-28', 'VALIDE', 0, 'INTERROGATION', 2),
(126, 25, 2, 2, 10.00, '2025-12-28', 'VALIDE', 0, 'INTERROGATION', 3),
(127, 25, 2, 2, 13.00, '2025-12-28', 'VALIDE', 0, 'DEVOIR', 1),
(128, 25, 2, 2, 17.00, '2025-12-28', 'VALIDE', 0, 'DEVOIR', 2),
(129, 18, 6, 1, 15.00, '2025-12-29', 'VALIDE', 0, 'INTERROGATION', 1),
(130, 18, 6, 1, 18.00, '2025-12-29', 'VALIDE', 0, 'INTERROGATION', 2),
(131, 18, 6, 1, 20.00, '2025-12-29', 'VALIDE', 0, 'INTERROGATION', 3),
(132, 18, 6, 1, 14.00, '2025-12-29', 'VALIDE', 0, 'DEVOIR', 1),
(133, 18, 6, 1, 10.00, '2025-12-29', 'VALIDE', 0, 'DEVOIR', 2),
(134, 19, 6, 1, 20.00, '2025-12-29', 'VALIDE', 0, 'INTERROGATION', 1),
(135, 19, 6, 1, 9.00, '2025-12-29', 'VALIDE', 0, 'INTERROGATION', 2),
(136, 19, 6, 1, 15.00, '2025-12-29', 'VALIDE', 0, 'INTERROGATION', 3),
(137, 19, 6, 1, 15.00, '2025-12-29', 'VALIDE', 0, 'DEVOIR', 1),
(138, 19, 6, 1, 13.00, '2025-12-29', 'VALIDE', 0, 'DEVOIR', 2),
(139, 20, 6, 1, 14.00, '2025-12-30', 'VALIDE', 0, 'INTERROGATION', 1),
(140, 20, 6, 1, 19.00, '2025-12-30', 'VALIDE', 0, 'INTERROGATION', 2),
(141, 20, 6, 1, 15.00, '2025-12-30', 'VALIDE', 0, 'INTERROGATION', 3),
(142, 20, 6, 1, 9.00, '2025-12-30', 'VALIDE', 0, 'DEVOIR', 1),
(143, 20, 6, 1, 18.00, '2025-12-30', 'VALIDE', 0, 'DEVOIR', 2),
(144, 21, 6, 1, 10.00, '2025-12-30', 'VALIDE', 0, 'INTERROGATION', 1),
(145, 21, 6, 1, 15.00, '2025-12-30', 'VALIDE', 0, 'INTERROGATION', 2),
(146, 21, 6, 1, 18.00, '2025-12-30', 'VALIDE', 0, 'INTERROGATION', 3),
(147, 21, 6, 1, 9.00, '2025-12-30', 'VALIDE', 0, 'DEVOIR', 1),
(148, 21, 6, 1, 16.00, '2025-12-30', 'VALIDE', 0, 'DEVOIR', 2),
(149, 19, 3, 1, 12.00, '2025-12-30', 'VALIDE', 0, 'DEVOIR', 1),
(150, 19, 3, 2, 12.00, '2025-12-30', 'VALIDE', 0, 'DEVOIR', 1),
(151, 19, 4, 1, 11.00, '2025-12-30', 'VALIDE', 0, 'DEVOIR', 1),
(152, 19, 4, 2, 12.00, '2025-12-30', 'VALIDE', 0, 'DEVOIR', 1),
(153, 19, 5, 1, 15.00, '2025-12-30', 'VALIDE', 0, 'DEVOIR', 1),
(154, 19, 5, 2, 13.00, '2025-12-30', 'VALIDE', 0, 'DEVOIR', 1),
(155, 19, 6, 2, 11.00, '2025-12-30', 'VALIDE', 0, 'DEVOIR', 1),
(156, 19, 7, 1, 13.00, '2025-12-30', 'VALIDE', 0, 'DEVOIR', 1),
(157, 19, 7, 2, 15.00, '2025-12-30', 'VALIDE', 0, 'DEVOIR', 1),
(158, 19, 8, 1, 13.00, '2025-12-30', 'VALIDE', 0, 'DEVOIR', 1),
(159, 19, 8, 2, 13.00, '2025-12-30', 'VALIDE', 0, 'DEVOIR', 1),
(160, 19, 9, 1, 11.00, '2025-12-30', 'VALIDE', 0, 'DEVOIR', 1),
(161, 19, 9, 2, 11.00, '2025-12-30', 'VALIDE', 0, 'DEVOIR', 1),
(162, 19, 10, 1, 14.00, '2025-12-30', 'VALIDE', 0, 'DEVOIR', 1),
(163, 19, 10, 2, 15.00, '2025-12-30', 'VALIDE', 0, 'DEVOIR', 1),
(164, 19, 11, 1, 12.00, '2025-12-30', 'VALIDE', 0, 'DEVOIR', 1),
(165, 19, 11, 2, 15.00, '2025-12-30', 'VALIDE', 0, 'DEVOIR', 1),
(166, 19, 12, 1, 12.00, '2025-12-30', 'VALIDE', 0, 'DEVOIR', 1),
(167, 19, 12, 2, 11.00, '2025-12-30', 'VALIDE', 0, 'DEVOIR', 1),
(168, 19, 13, 1, 11.00, '2025-12-30', 'VALIDE', 0, 'DEVOIR', 1),
(169, 19, 13, 2, 13.00, '2025-12-30', 'VALIDE', 0, 'DEVOIR', 1),
(170, 18, 3, 1, 7.00, '2025-12-30', 'VALIDE', 0, 'DEVOIR', 1),
(171, 18, 3, 2, 6.00, '2025-12-30', 'VALIDE', 0, 'DEVOIR', 1),
(172, 18, 4, 1, 6.00, '2025-12-30', 'VALIDE', 0, 'DEVOIR', 1),
(173, 18, 4, 2, 7.00, '2025-12-30', 'VALIDE', 0, 'DEVOIR', 1),
(174, 18, 5, 1, 7.00, '2025-12-30', 'VALIDE', 0, 'DEVOIR', 1),
(175, 18, 5, 2, 8.00, '2025-12-30', 'VALIDE', 0, 'DEVOIR', 1),
(176, 18, 6, 2, 8.00, '2025-12-30', 'VALIDE', 0, 'DEVOIR', 1),
(177, 18, 7, 1, 8.00, '2025-12-30', 'VALIDE', 0, 'DEVOIR', 1),
(178, 18, 7, 2, 5.00, '2025-12-30', 'VALIDE', 0, 'DEVOIR', 1),
(179, 18, 8, 1, 6.00, '2025-12-30', 'VALIDE', 0, 'DEVOIR', 1),
(180, 18, 8, 2, 4.00, '2025-12-30', 'VALIDE', 0, 'DEVOIR', 1),
(181, 18, 9, 1, 4.00, '2025-12-30', 'VALIDE', 0, 'DEVOIR', 1),
(182, 18, 9, 2, 4.00, '2025-12-30', 'VALIDE', 0, 'DEVOIR', 1),
(183, 18, 10, 1, 5.00, '2025-12-30', 'VALIDE', 0, 'DEVOIR', 1),
(184, 18, 10, 2, 5.00, '2025-12-30', 'VALIDE', 0, 'DEVOIR', 1),
(185, 18, 11, 1, 8.00, '2025-12-30', 'VALIDE', 0, 'DEVOIR', 1),
(186, 18, 11, 2, 8.00, '2025-12-30', 'VALIDE', 0, 'DEVOIR', 1),
(187, 18, 12, 1, 4.00, '2025-12-30', 'VALIDE', 0, 'DEVOIR', 1),
(188, 18, 12, 2, 5.00, '2025-12-30', 'VALIDE', 0, 'DEVOIR', 1),
(189, 18, 13, 1, 6.00, '2025-12-30', 'VALIDE', 0, 'DEVOIR', 1),
(190, 18, 13, 2, 4.00, '2025-12-30', 'VALIDE', 0, 'DEVOIR', 1),
(191, 20, 3, 1, 13.00, '2025-12-30', 'VALIDE', 0, 'DEVOIR', 1),
(192, 20, 3, 2, 12.00, '2025-12-30', 'VALIDE', 0, 'DEVOIR', 1),
(193, 20, 4, 1, 12.00, '2025-12-30', 'VALIDE', 0, 'DEVOIR', 1),
(194, 20, 4, 2, 11.00, '2025-12-30', 'VALIDE', 0, 'DEVOIR', 1),
(195, 20, 5, 1, 13.00, '2025-12-30', 'VALIDE', 0, 'DEVOIR', 1),
(196, 20, 5, 2, 11.00, '2025-12-30', 'VALIDE', 0, 'DEVOIR', 1),
(197, 20, 6, 2, 15.00, '2025-12-30', 'VALIDE', 0, 'DEVOIR', 1),
(198, 20, 7, 1, 15.00, '2025-12-30', 'VALIDE', 0, 'DEVOIR', 1),
(199, 20, 7, 2, 12.00, '2025-12-30', 'VALIDE', 0, 'DEVOIR', 1),
(200, 20, 8, 1, 11.00, '2025-12-30', 'VALIDE', 0, 'DEVOIR', 1),
(201, 20, 8, 2, 14.00, '2025-12-30', 'VALIDE', 0, 'DEVOIR', 1),
(202, 20, 9, 1, 13.00, '2025-12-30', 'VALIDE', 0, 'DEVOIR', 1),
(203, 20, 9, 2, 15.00, '2025-12-30', 'VALIDE', 0, 'DEVOIR', 1),
(204, 20, 10, 1, 11.00, '2025-12-30', 'VALIDE', 0, 'DEVOIR', 1),
(205, 20, 10, 2, 13.00, '2025-12-30', 'VALIDE', 0, 'DEVOIR', 1),
(206, 20, 11, 1, 15.00, '2025-12-30', 'VALIDE', 0, 'DEVOIR', 1),
(207, 20, 11, 2, 12.00, '2025-12-30', 'VALIDE', 0, 'DEVOIR', 1),
(208, 20, 12, 1, 12.00, '2025-12-30', 'VALIDE', 0, 'DEVOIR', 1),
(209, 20, 12, 2, 11.00, '2025-12-30', 'VALIDE', 0, 'DEVOIR', 1),
(210, 20, 13, 1, 14.00, '2025-12-30', 'VALIDE', 0, 'DEVOIR', 1),
(211, 20, 13, 2, 14.00, '2025-12-30', 'VALIDE', 0, 'DEVOIR', 1),
(212, 21, 3, 1, 7.00, '2025-12-30', 'VALIDE', 0, 'DEVOIR', 1),
(213, 21, 3, 2, 8.00, '2025-12-30', 'VALIDE', 0, 'DEVOIR', 1),
(214, 21, 4, 1, 8.00, '2025-12-30', 'VALIDE', 0, 'DEVOIR', 1),
(215, 21, 4, 2, 7.00, '2025-12-30', 'VALIDE', 0, 'DEVOIR', 1),
(216, 21, 5, 1, 8.00, '2025-12-30', 'VALIDE', 0, 'DEVOIR', 1),
(217, 21, 5, 2, 6.00, '2025-12-30', 'VALIDE', 0, 'DEVOIR', 1),
(218, 21, 6, 2, 4.00, '2025-12-30', 'VALIDE', 0, 'DEVOIR', 1),
(219, 21, 7, 1, 5.00, '2025-12-30', 'VALIDE', 0, 'DEVOIR', 1),
(220, 21, 7, 2, 4.00, '2025-12-30', 'VALIDE', 0, 'DEVOIR', 1),
(221, 21, 8, 1, 5.00, '2025-12-30', 'VALIDE', 0, 'DEVOIR', 1),
(222, 21, 8, 2, 5.00, '2025-12-30', 'VALIDE', 0, 'DEVOIR', 1),
(223, 21, 9, 1, 4.00, '2025-12-30', 'VALIDE', 0, 'DEVOIR', 1),
(224, 21, 9, 2, 6.00, '2025-12-30', 'VALIDE', 0, 'DEVOIR', 1),
(225, 21, 10, 1, 8.00, '2025-12-30', 'VALIDE', 0, 'DEVOIR', 1),
(226, 21, 10, 2, 5.00, '2025-12-30', 'VALIDE', 0, 'DEVOIR', 1),
(227, 21, 11, 1, 7.00, '2025-12-30', 'VALIDE', 0, 'DEVOIR', 1),
(228, 21, 11, 2, 8.00, '2025-12-30', 'VALIDE', 0, 'DEVOIR', 1),
(229, 21, 12, 1, 8.00, '2025-12-30', 'VALIDE', 0, 'DEVOIR', 1),
(230, 21, 12, 2, 5.00, '2025-12-30', 'VALIDE', 0, 'DEVOIR', 1),
(231, 21, 13, 1, 8.00, '2025-12-30', 'VALIDE', 0, 'DEVOIR', 1),
(232, 21, 13, 2, 4.00, '2025-12-30', 'VALIDE', 0, 'DEVOIR', 1),
(233, 23, 1, 1, 13.00, '2025-12-30', 'VALIDE', 0, 'DEVOIR', 1),
(234, 23, 1, 2, 13.00, '2025-12-30', 'VALIDE', 0, 'DEVOIR', 1),
(235, 23, 3, 1, 14.00, '2025-12-30', 'VALIDE', 0, 'DEVOIR', 1),
(236, 23, 3, 2, 15.00, '2025-12-30', 'VALIDE', 0, 'DEVOIR', 1),
(237, 23, 4, 1, 12.00, '2025-12-30', 'VALIDE', 0, 'DEVOIR', 1),
(238, 23, 4, 2, 15.00, '2025-12-30', 'VALIDE', 0, 'DEVOIR', 1),
(239, 23, 5, 1, 12.00, '2025-12-30', 'VALIDE', 0, 'DEVOIR', 1),
(240, 23, 5, 2, 13.00, '2025-12-30', 'VALIDE', 0, 'DEVOIR', 1),
(241, 23, 6, 1, 13.00, '2025-12-30', 'VALIDE', 0, 'DEVOIR', 1),
(242, 23, 6, 2, 14.00, '2025-12-30', 'VALIDE', 0, 'DEVOIR', 1),
(243, 23, 7, 1, 12.00, '2025-12-30', 'VALIDE', 0, 'DEVOIR', 1),
(244, 23, 7, 2, 13.00, '2025-12-30', 'VALIDE', 0, 'DEVOIR', 1),
(245, 23, 8, 1, 12.00, '2025-12-30', 'VALIDE', 0, 'DEVOIR', 1),
(246, 23, 8, 2, 13.00, '2025-12-30', 'VALIDE', 0, 'DEVOIR', 1),
(247, 23, 9, 1, 15.00, '2025-12-30', 'VALIDE', 0, 'DEVOIR', 1),
(248, 23, 9, 2, 12.00, '2025-12-30', 'VALIDE', 0, 'DEVOIR', 1),
(249, 23, 10, 1, 14.00, '2025-12-30', 'VALIDE', 0, 'DEVOIR', 1),
(250, 23, 10, 2, 14.00, '2025-12-30', 'VALIDE', 0, 'DEVOIR', 1),
(251, 23, 11, 1, 13.00, '2025-12-30', 'VALIDE', 0, 'DEVOIR', 1),
(252, 23, 11, 2, 13.00, '2025-12-30', 'VALIDE', 0, 'DEVOIR', 1),
(253, 23, 12, 1, 13.00, '2025-12-30', 'VALIDE', 0, 'DEVOIR', 1),
(254, 23, 12, 2, 11.00, '2025-12-30', 'VALIDE', 0, 'DEVOIR', 1),
(255, 23, 13, 1, 12.00, '2025-12-30', 'VALIDE', 0, 'DEVOIR', 1),
(256, 23, 13, 2, 12.00, '2025-12-30', 'VALIDE', 0, 'DEVOIR', 1),
(257, 22, 1, 1, 7.00, '2025-12-30', 'VALIDE', 0, 'DEVOIR', 1),
(258, 22, 1, 2, 5.00, '2025-12-30', 'VALIDE', 0, 'DEVOIR', 1),
(259, 22, 3, 1, 4.00, '2025-12-30', 'VALIDE', 0, 'DEVOIR', 1),
(260, 22, 3, 2, 5.00, '2025-12-30', 'VALIDE', 0, 'DEVOIR', 1),
(261, 22, 4, 1, 5.00, '2025-12-30', 'VALIDE', 0, 'DEVOIR', 1),
(262, 22, 4, 2, 7.00, '2025-12-30', 'VALIDE', 0, 'DEVOIR', 1),
(263, 22, 5, 1, 6.00, '2025-12-30', 'VALIDE', 0, 'DEVOIR', 1),
(264, 22, 5, 2, 8.00, '2025-12-30', 'VALIDE', 0, 'DEVOIR', 1),
(265, 22, 6, 1, 7.00, '2025-12-30', 'VALIDE', 0, 'DEVOIR', 1),
(266, 22, 6, 2, 8.00, '2025-12-30', 'VALIDE', 0, 'DEVOIR', 1),
(267, 22, 7, 1, 5.00, '2025-12-30', 'VALIDE', 0, 'DEVOIR', 1),
(268, 22, 7, 2, 7.00, '2025-12-30', 'VALIDE', 0, 'DEVOIR', 1),
(269, 22, 8, 1, 8.00, '2025-12-30', 'VALIDE', 0, 'DEVOIR', 1),
(270, 22, 8, 2, 8.00, '2025-12-30', 'VALIDE', 0, 'DEVOIR', 1),
(271, 22, 9, 1, 8.00, '2025-12-30', 'VALIDE', 0, 'DEVOIR', 1),
(272, 22, 9, 2, 7.00, '2025-12-30', 'VALIDE', 0, 'DEVOIR', 1),
(273, 22, 10, 1, 7.00, '2025-12-30', 'VALIDE', 0, 'DEVOIR', 1),
(274, 22, 10, 2, 6.00, '2025-12-30', 'VALIDE', 0, 'DEVOIR', 1),
(275, 22, 11, 1, 5.00, '2025-12-30', 'VALIDE', 0, 'DEVOIR', 1),
(276, 22, 11, 2, 8.00, '2025-12-30', 'VALIDE', 0, 'DEVOIR', 1),
(277, 22, 12, 1, 5.00, '2025-12-30', 'VALIDE', 0, 'DEVOIR', 1),
(278, 22, 12, 2, 4.00, '2025-12-30', 'VALIDE', 0, 'DEVOIR', 1),
(279, 22, 13, 1, 4.00, '2025-12-30', 'VALIDE', 0, 'DEVOIR', 1),
(280, 22, 13, 2, 6.00, '2025-12-30', 'VALIDE', 0, 'DEVOIR', 1),
(281, 25, 1, 1, 13.00, '2025-12-30', 'VALIDE', 0, 'DEVOIR', 1),
(282, 25, 1, 2, 14.00, '2025-12-30', 'VALIDE', 0, 'DEVOIR', 1),
(283, 25, 3, 1, 11.00, '2025-12-30', 'VALIDE', 0, 'DEVOIR', 1),
(284, 25, 3, 2, 11.00, '2025-12-30', 'VALIDE', 0, 'DEVOIR', 1),
(285, 25, 4, 1, 15.00, '2025-12-30', 'VALIDE', 0, 'DEVOIR', 1),
(286, 25, 4, 2, 11.00, '2025-12-30', 'VALIDE', 0, 'DEVOIR', 1),
(287, 25, 5, 1, 12.00, '2025-12-30', 'VALIDE', 0, 'DEVOIR', 1),
(288, 25, 5, 2, 13.00, '2025-12-30', 'VALIDE', 0, 'DEVOIR', 1),
(289, 25, 6, 1, 13.00, '2025-12-30', 'VALIDE', 0, 'DEVOIR', 1),
(290, 25, 6, 2, 15.00, '2025-12-30', 'VALIDE', 0, 'DEVOIR', 1),
(291, 25, 7, 1, 15.00, '2025-12-30', 'VALIDE', 0, 'DEVOIR', 1),
(292, 25, 7, 2, 13.00, '2025-12-30', 'VALIDE', 0, 'DEVOIR', 1),
(293, 25, 8, 1, 12.00, '2025-12-30', 'VALIDE', 0, 'DEVOIR', 1),
(294, 25, 8, 2, 13.00, '2025-12-30', 'VALIDE', 0, 'DEVOIR', 1),
(295, 25, 9, 1, 15.00, '2025-12-30', 'VALIDE', 0, 'DEVOIR', 1),
(296, 25, 9, 2, 13.00, '2025-12-30', 'VALIDE', 0, 'DEVOIR', 1),
(297, 25, 10, 1, 11.00, '2025-12-30', 'VALIDE', 0, 'DEVOIR', 1),
(298, 25, 10, 2, 11.00, '2025-12-30', 'VALIDE', 0, 'DEVOIR', 1),
(299, 25, 11, 1, 13.00, '2025-12-30', 'VALIDE', 0, 'DEVOIR', 1),
(300, 25, 11, 2, 11.00, '2025-12-30', 'VALIDE', 0, 'DEVOIR', 1),
(301, 25, 12, 1, 13.00, '2025-12-30', 'VALIDE', 0, 'DEVOIR', 1),
(302, 25, 12, 2, 14.00, '2025-12-30', 'VALIDE', 0, 'DEVOIR', 1),
(303, 25, 13, 1, 12.00, '2025-12-30', 'VALIDE', 0, 'DEVOIR', 1),
(304, 25, 13, 2, 13.00, '2025-12-30', 'VALIDE', 0, 'DEVOIR', 1),
(305, 24, 1, 1, 8.00, '2025-12-30', 'VALIDE', 0, 'DEVOIR', 1),
(306, 24, 1, 2, 7.00, '2025-12-30', 'VALIDE', 0, 'DEVOIR', 1),
(307, 24, 3, 1, 8.00, '2025-12-30', 'VALIDE', 0, 'DEVOIR', 1),
(308, 24, 3, 2, 6.00, '2025-12-30', 'VALIDE', 0, 'DEVOIR', 1),
(309, 24, 4, 1, 4.00, '2025-12-30', 'VALIDE', 0, 'DEVOIR', 1),
(310, 24, 4, 2, 5.00, '2025-12-30', 'VALIDE', 0, 'DEVOIR', 1),
(311, 24, 5, 1, 4.00, '2025-12-30', 'VALIDE', 0, 'DEVOIR', 1),
(312, 24, 5, 2, 5.00, '2025-12-30', 'VALIDE', 0, 'DEVOIR', 1),
(313, 24, 6, 1, 8.00, '2025-12-30', 'VALIDE', 0, 'DEVOIR', 1),
(314, 24, 6, 2, 7.00, '2025-12-30', 'VALIDE', 0, 'DEVOIR', 1),
(315, 24, 7, 1, 4.00, '2025-12-30', 'VALIDE', 0, 'DEVOIR', 1),
(316, 24, 7, 2, 6.00, '2025-12-30', 'VALIDE', 0, 'DEVOIR', 1),
(317, 24, 8, 1, 5.00, '2025-12-30', 'VALIDE', 0, 'DEVOIR', 1),
(318, 24, 8, 2, 8.00, '2025-12-30', 'VALIDE', 0, 'DEVOIR', 1),
(319, 24, 9, 1, 7.00, '2025-12-30', 'VALIDE', 0, 'DEVOIR', 1),
(320, 24, 9, 2, 4.00, '2025-12-30', 'VALIDE', 0, 'DEVOIR', 1),
(321, 24, 10, 1, 8.00, '2025-12-30', 'VALIDE', 0, 'DEVOIR', 1),
(322, 24, 10, 2, 4.00, '2025-12-30', 'VALIDE', 0, 'DEVOIR', 1),
(323, 24, 11, 1, 8.00, '2025-12-30', 'VALIDE', 0, 'DEVOIR', 1),
(324, 24, 11, 2, 4.00, '2025-12-30', 'VALIDE', 0, 'DEVOIR', 1),
(325, 24, 12, 1, 4.00, '2025-12-30', 'VALIDE', 0, 'DEVOIR', 1),
(326, 24, 12, 2, 4.00, '2025-12-30', 'VALIDE', 0, 'DEVOIR', 1),
(327, 24, 13, 1, 5.00, '2025-12-30', 'VALIDE', 0, 'DEVOIR', 1),
(328, 24, 13, 2, 4.00, '2025-12-30', 'VALIDE', 0, 'DEVOIR', 1),
(329, 27, 1, 1, 13.00, '2025-12-30', 'VALIDE', 0, 'DEVOIR', 1),
(330, 27, 1, 2, 14.00, '2025-12-30', 'VALIDE', 0, 'DEVOIR', 1),
(331, 27, 2, 1, 12.00, '2025-12-30', 'VALIDE', 0, 'DEVOIR', 1),
(332, 27, 2, 2, 12.00, '2025-12-30', 'VALIDE', 0, 'DEVOIR', 1),
(333, 27, 3, 1, 11.00, '2025-12-30', 'VALIDE', 0, 'DEVOIR', 1),
(334, 27, 3, 2, 15.00, '2025-12-30', 'VALIDE', 0, 'DEVOIR', 1),
(335, 27, 4, 1, 12.00, '2025-12-30', 'VALIDE', 0, 'DEVOIR', 1),
(336, 27, 4, 2, 11.00, '2025-12-30', 'VALIDE', 0, 'DEVOIR', 1),
(337, 27, 5, 1, 13.00, '2025-12-30', 'VALIDE', 0, 'DEVOIR', 1),
(338, 27, 5, 2, 11.00, '2025-12-30', 'VALIDE', 0, 'DEVOIR', 1),
(339, 27, 6, 1, 15.00, '2025-12-30', 'VALIDE', 0, 'DEVOIR', 1),
(340, 27, 6, 2, 15.00, '2025-12-30', 'VALIDE', 0, 'DEVOIR', 1),
(341, 27, 7, 1, 14.00, '2025-12-30', 'VALIDE', 0, 'DEVOIR', 1),
(342, 27, 7, 2, 14.00, '2025-12-30', 'VALIDE', 0, 'DEVOIR', 1),
(343, 27, 8, 1, 12.00, '2025-12-30', 'VALIDE', 0, 'DEVOIR', 1),
(344, 27, 8, 2, 14.00, '2025-12-30', 'VALIDE', 0, 'DEVOIR', 1),
(345, 27, 9, 1, 13.00, '2025-12-30', 'VALIDE', 0, 'DEVOIR', 1),
(346, 27, 9, 2, 12.00, '2025-12-30', 'VALIDE', 0, 'DEVOIR', 1),
(347, 27, 10, 1, 15.00, '2025-12-30', 'VALIDE', 0, 'DEVOIR', 1),
(348, 27, 10, 2, 12.00, '2025-12-30', 'VALIDE', 0, 'DEVOIR', 1),
(349, 27, 11, 1, 12.00, '2025-12-30', 'VALIDE', 0, 'DEVOIR', 1),
(350, 27, 11, 2, 12.00, '2025-12-30', 'VALIDE', 0, 'DEVOIR', 1),
(351, 27, 12, 1, 11.00, '2025-12-30', 'VALIDE', 0, 'DEVOIR', 1),
(352, 27, 12, 2, 12.00, '2025-12-30', 'VALIDE', 0, 'DEVOIR', 1),
(353, 27, 13, 1, 14.00, '2025-12-30', 'VALIDE', 0, 'DEVOIR', 1),
(354, 27, 13, 2, 15.00, '2025-12-30', 'VALIDE', 0, 'DEVOIR', 1),
(355, 26, 1, 1, 8.00, '2025-12-30', 'VALIDE', 0, 'DEVOIR', 1),
(356, 26, 1, 2, 8.00, '2025-12-30', 'VALIDE', 0, 'DEVOIR', 1),
(357, 26, 2, 1, 4.00, '2025-12-30', 'VALIDE', 0, 'DEVOIR', 1),
(358, 26, 2, 2, 4.00, '2025-12-30', 'VALIDE', 0, 'DEVOIR', 1),
(359, 26, 3, 1, 7.00, '2025-12-30', 'VALIDE', 0, 'DEVOIR', 1),
(360, 26, 3, 2, 7.00, '2025-12-30', 'VALIDE', 0, 'DEVOIR', 1),
(361, 26, 4, 1, 8.00, '2025-12-30', 'VALIDE', 0, 'DEVOIR', 1),
(362, 26, 4, 2, 4.00, '2025-12-30', 'VALIDE', 0, 'DEVOIR', 1),
(363, 26, 5, 1, 5.00, '2025-12-30', 'VALIDE', 0, 'DEVOIR', 1),
(364, 26, 5, 2, 4.00, '2025-12-30', 'VALIDE', 0, 'DEVOIR', 1),
(365, 26, 6, 1, 6.00, '2025-12-30', 'VALIDE', 0, 'DEVOIR', 1),
(366, 26, 6, 2, 7.00, '2025-12-30', 'VALIDE', 0, 'DEVOIR', 1),
(367, 26, 7, 1, 7.00, '2025-12-30', 'VALIDE', 0, 'DEVOIR', 1),
(368, 26, 7, 2, 6.00, '2025-12-30', 'VALIDE', 0, 'DEVOIR', 1),
(369, 26, 8, 1, 4.00, '2025-12-30', 'VALIDE', 0, 'DEVOIR', 1),
(370, 26, 8, 2, 8.00, '2025-12-30', 'VALIDE', 0, 'DEVOIR', 1),
(371, 26, 9, 1, 5.00, '2025-12-30', 'VALIDE', 0, 'DEVOIR', 1),
(372, 26, 9, 2, 6.00, '2025-12-30', 'VALIDE', 0, 'DEVOIR', 1),
(373, 26, 10, 1, 5.00, '2025-12-30', 'VALIDE', 0, 'DEVOIR', 1),
(374, 26, 10, 2, 8.00, '2025-12-30', 'VALIDE', 0, 'DEVOIR', 1),
(375, 26, 11, 1, 4.00, '2025-12-30', 'VALIDE', 0, 'DEVOIR', 1),
(376, 26, 11, 2, 8.00, '2025-12-30', 'VALIDE', 0, 'DEVOIR', 1),
(377, 26, 12, 1, 4.00, '2025-12-30', 'VALIDE', 0, 'DEVOIR', 1),
(378, 26, 12, 2, 4.00, '2025-12-30', 'VALIDE', 0, 'DEVOIR', 1),
(379, 26, 13, 1, 8.00, '2025-12-30', 'VALIDE', 0, 'DEVOIR', 1),
(380, 26, 13, 2, 6.00, '2025-12-30', 'VALIDE', 0, 'DEVOIR', 1),
(381, 31, 1, 1, 15.00, '2025-12-30', 'VALIDE', 0, 'DEVOIR', 1),
(382, 31, 1, 2, 12.00, '2025-12-30', 'VALIDE', 0, 'DEVOIR', 1),
(383, 31, 2, 1, 11.00, '2025-12-30', 'VALIDE', 0, 'DEVOIR', 1),
(384, 31, 2, 2, 11.00, '2025-12-30', 'VALIDE', 0, 'DEVOIR', 1),
(385, 31, 3, 1, 12.00, '2025-12-30', 'VALIDE', 0, 'DEVOIR', 1),
(386, 31, 3, 2, 12.00, '2025-12-30', 'VALIDE', 0, 'DEVOIR', 1),
(387, 31, 4, 1, 13.00, '2025-12-30', 'VALIDE', 0, 'DEVOIR', 1),
(388, 31, 4, 2, 11.00, '2025-12-30', 'VALIDE', 0, 'DEVOIR', 1),
(389, 31, 5, 1, 11.00, '2025-12-30', 'VALIDE', 0, 'DEVOIR', 1),
(390, 31, 5, 2, 13.00, '2025-12-30', 'VALIDE', 0, 'DEVOIR', 1),
(391, 31, 6, 1, 15.00, '2025-12-30', 'VALIDE', 0, 'DEVOIR', 1),
(392, 31, 6, 2, 13.00, '2025-12-30', 'VALIDE', 0, 'DEVOIR', 1),
(393, 31, 7, 1, 15.00, '2025-12-30', 'VALIDE', 0, 'DEVOIR', 1),
(394, 31, 7, 2, 15.00, '2025-12-30', 'VALIDE', 0, 'DEVOIR', 1),
(395, 31, 8, 1, 14.00, '2025-12-30', 'VALIDE', 0, 'DEVOIR', 1),
(396, 31, 8, 2, 15.00, '2025-12-30', 'VALIDE', 0, 'DEVOIR', 1),
(397, 31, 9, 1, 14.00, '2025-12-30', 'VALIDE', 0, 'DEVOIR', 1),
(398, 31, 9, 2, 14.00, '2025-12-30', 'VALIDE', 0, 'DEVOIR', 1),
(399, 31, 10, 1, 12.00, '2025-12-30', 'VALIDE', 0, 'DEVOIR', 1),
(400, 31, 10, 2, 13.00, '2025-12-30', 'VALIDE', 0, 'DEVOIR', 1),
(401, 31, 11, 1, 15.00, '2025-12-30', 'VALIDE', 0, 'DEVOIR', 1),
(402, 31, 11, 2, 11.00, '2025-12-30', 'VALIDE', 0, 'DEVOIR', 1),
(403, 31, 12, 1, 11.00, '2025-12-30', 'VALIDE', 0, 'DEVOIR', 1),
(404, 31, 12, 2, 11.00, '2025-12-30', 'VALIDE', 0, 'DEVOIR', 1),
(405, 31, 13, 1, 13.00, '2025-12-30', 'VALIDE', 0, 'DEVOIR', 1),
(406, 31, 13, 2, 13.00, '2025-12-30', 'VALIDE', 0, 'DEVOIR', 1),
(407, 30, 1, 1, 12.00, '2025-12-30', 'VALIDE', 0, 'DEVOIR', 1),
(408, 30, 1, 2, 14.00, '2025-12-30', 'VALIDE', 0, 'DEVOIR', 1),
(409, 30, 2, 1, 12.00, '2025-12-30', 'VALIDE', 0, 'DEVOIR', 1),
(410, 30, 2, 2, 14.00, '2025-12-30', 'VALIDE', 0, 'DEVOIR', 1),
(411, 30, 3, 1, 14.00, '2025-12-30', 'VALIDE', 0, 'DEVOIR', 1),
(412, 30, 3, 2, 14.00, '2025-12-30', 'VALIDE', 0, 'DEVOIR', 1),
(413, 30, 4, 1, 15.00, '2025-12-30', 'VALIDE', 0, 'DEVOIR', 1),
(414, 30, 4, 2, 11.00, '2025-12-30', 'VALIDE', 0, 'DEVOIR', 1),
(415, 30, 5, 1, 15.00, '2025-12-30', 'VALIDE', 0, 'DEVOIR', 1),
(416, 30, 5, 2, 15.00, '2025-12-30', 'VALIDE', 0, 'DEVOIR', 1),
(417, 30, 6, 1, 15.00, '2025-12-30', 'VALIDE', 0, 'DEVOIR', 1),
(418, 30, 6, 2, 15.00, '2025-12-30', 'VALIDE', 0, 'DEVOIR', 1),
(419, 30, 7, 1, 11.00, '2025-12-30', 'VALIDE', 0, 'DEVOIR', 1),
(420, 30, 7, 2, 13.00, '2025-12-30', 'VALIDE', 0, 'DEVOIR', 1),
(421, 30, 8, 1, 12.00, '2025-12-30', 'VALIDE', 0, 'DEVOIR', 1),
(422, 30, 8, 2, 13.00, '2025-12-30', 'VALIDE', 0, 'DEVOIR', 1),
(423, 30, 9, 1, 11.00, '2025-12-30', 'VALIDE', 0, 'DEVOIR', 1),
(424, 30, 9, 2, 13.00, '2025-12-30', 'VALIDE', 0, 'DEVOIR', 1),
(425, 30, 10, 1, 11.00, '2025-12-30', 'VALIDE', 0, 'DEVOIR', 1),
(426, 30, 10, 2, 11.00, '2025-12-30', 'VALIDE', 0, 'DEVOIR', 1),
(427, 30, 11, 1, 14.00, '2025-12-30', 'VALIDE', 0, 'DEVOIR', 1),
(428, 30, 11, 2, 13.00, '2025-12-30', 'VALIDE', 0, 'DEVOIR', 1),
(429, 30, 12, 1, 13.00, '2025-12-30', 'VALIDE', 0, 'DEVOIR', 1),
(430, 30, 12, 2, 15.00, '2025-12-30', 'VALIDE', 0, 'DEVOIR', 1),
(431, 30, 13, 1, 13.00, '2025-12-30', 'VALIDE', 0, 'DEVOIR', 1),
(432, 30, 13, 2, 13.00, '2025-12-30', 'VALIDE', 0, 'DEVOIR', 1),
(433, 35, 1, 1, 12.00, '2025-12-30', 'VALIDE', 0, 'DEVOIR', 1),
(434, 35, 1, 2, 12.00, '2025-12-30', 'VALIDE', 0, 'DEVOIR', 1),
(435, 35, 2, 1, 13.00, '2025-12-30', 'VALIDE', 0, 'DEVOIR', 1),
(436, 35, 2, 2, 14.00, '2025-12-30', 'VALIDE', 0, 'DEVOIR', 1),
(437, 35, 3, 1, 14.00, '2025-12-30', 'VALIDE', 0, 'DEVOIR', 1),
(438, 35, 3, 2, 13.00, '2025-12-30', 'VALIDE', 0, 'DEVOIR', 1),
(439, 35, 4, 1, 15.00, '2025-12-30', 'VALIDE', 0, 'DEVOIR', 1),
(440, 35, 4, 2, 11.00, '2025-12-30', 'VALIDE', 0, 'DEVOIR', 1),
(441, 35, 5, 1, 14.00, '2025-12-30', 'VALIDE', 0, 'DEVOIR', 1),
(442, 35, 5, 2, 11.00, '2025-12-30', 'VALIDE', 0, 'DEVOIR', 1),
(443, 35, 6, 1, 14.00, '2025-12-30', 'VALIDE', 0, 'DEVOIR', 1),
(444, 35, 6, 2, 12.00, '2025-12-30', 'VALIDE', 0, 'DEVOIR', 1),
(445, 35, 7, 1, 15.00, '2025-12-30', 'VALIDE', 0, 'DEVOIR', 1),
(446, 35, 7, 2, 15.00, '2025-12-30', 'VALIDE', 0, 'DEVOIR', 1),
(447, 35, 8, 1, 14.00, '2025-12-30', 'VALIDE', 0, 'DEVOIR', 1),
(448, 35, 8, 2, 15.00, '2025-12-30', 'VALIDE', 0, 'DEVOIR', 1),
(449, 35, 9, 1, 12.00, '2025-12-30', 'VALIDE', 0, 'DEVOIR', 1),
(450, 35, 9, 2, 12.00, '2025-12-30', 'VALIDE', 0, 'DEVOIR', 1),
(451, 35, 10, 1, 14.00, '2025-12-30', 'VALIDE', 0, 'DEVOIR', 1),
(452, 35, 10, 2, 11.00, '2025-12-30', 'VALIDE', 0, 'DEVOIR', 1),
(453, 35, 11, 1, 12.00, '2025-12-30', 'VALIDE', 0, 'DEVOIR', 1),
(454, 35, 11, 2, 12.00, '2025-12-30', 'VALIDE', 0, 'DEVOIR', 1),
(455, 35, 12, 1, 13.00, '2025-12-30', 'VALIDE', 0, 'DEVOIR', 1),
(456, 35, 12, 2, 15.00, '2025-12-30', 'VALIDE', 0, 'DEVOIR', 1),
(457, 35, 13, 1, 11.00, '2025-12-30', 'VALIDE', 0, 'DEVOIR', 1),
(458, 35, 13, 2, 13.00, '2025-12-30', 'VALIDE', 0, 'DEVOIR', 1),
(459, 34, 1, 1, 6.00, '2025-12-30', 'VALIDE', 0, 'DEVOIR', 1),
(460, 34, 1, 2, 5.00, '2025-12-30', 'VALIDE', 0, 'DEVOIR', 1),
(461, 34, 2, 1, 7.00, '2025-12-30', 'VALIDE', 0, 'DEVOIR', 1),
(462, 34, 2, 2, 4.00, '2025-12-30', 'VALIDE', 0, 'DEVOIR', 1),
(463, 34, 3, 1, 6.00, '2025-12-30', 'VALIDE', 0, 'DEVOIR', 1),
(464, 34, 3, 2, 4.00, '2025-12-30', 'VALIDE', 0, 'DEVOIR', 1),
(465, 34, 4, 1, 5.00, '2025-12-30', 'VALIDE', 0, 'DEVOIR', 1),
(466, 34, 4, 2, 6.00, '2025-12-30', 'VALIDE', 0, 'DEVOIR', 1),
(467, 34, 5, 1, 4.00, '2025-12-30', 'VALIDE', 0, 'DEVOIR', 1),
(468, 34, 5, 2, 5.00, '2025-12-30', 'VALIDE', 0, 'DEVOIR', 1),
(469, 34, 6, 1, 6.00, '2025-12-30', 'VALIDE', 0, 'DEVOIR', 1),
(470, 34, 6, 2, 6.00, '2025-12-30', 'VALIDE', 0, 'DEVOIR', 1),
(471, 34, 7, 1, 7.00, '2025-12-30', 'VALIDE', 0, 'DEVOIR', 1),
(472, 34, 7, 2, 5.00, '2025-12-30', 'VALIDE', 0, 'DEVOIR', 1),
(473, 34, 8, 1, 8.00, '2025-12-30', 'VALIDE', 0, 'DEVOIR', 1),
(474, 34, 8, 2, 5.00, '2025-12-30', 'VALIDE', 0, 'DEVOIR', 1),
(475, 34, 9, 1, 4.00, '2025-12-30', 'VALIDE', 0, 'DEVOIR', 1),
(476, 34, 9, 2, 8.00, '2025-12-30', 'VALIDE', 0, 'DEVOIR', 1),
(477, 34, 10, 1, 8.00, '2025-12-30', 'VALIDE', 0, 'DEVOIR', 1),
(478, 34, 10, 2, 7.00, '2025-12-30', 'VALIDE', 0, 'DEVOIR', 1),
(479, 34, 11, 1, 8.00, '2025-12-30', 'VALIDE', 0, 'DEVOIR', 1),
(480, 34, 11, 2, 4.00, '2025-12-30', 'VALIDE', 0, 'DEVOIR', 1),
(481, 34, 12, 1, 5.00, '2025-12-30', 'VALIDE', 0, 'DEVOIR', 1),
(482, 34, 12, 2, 4.00, '2025-12-30', 'VALIDE', 0, 'DEVOIR', 1),
(483, 34, 13, 1, 6.00, '2025-12-30', 'VALIDE', 0, 'DEVOIR', 1),
(484, 34, 13, 2, 7.00, '2025-12-30', 'VALIDE', 0, 'DEVOIR', 1),
(485, 42, 1, 1, 14.00, '2025-12-30', 'VALIDE', 0, 'DEVOIR', 1),
(486, 42, 1, 2, 14.00, '2025-12-30', 'VALIDE', 0, 'DEVOIR', 1),
(487, 42, 2, 1, 14.00, '2025-12-30', 'VALIDE', 0, 'DEVOIR', 1),
(488, 42, 2, 2, 12.00, '2025-12-30', 'VALIDE', 0, 'DEVOIR', 1),
(489, 42, 3, 1, 12.00, '2025-12-30', 'VALIDE', 0, 'DEVOIR', 1),
(490, 42, 3, 2, 11.00, '2025-12-30', 'VALIDE', 0, 'DEVOIR', 1),
(491, 42, 4, 1, 14.00, '2025-12-30', 'VALIDE', 0, 'DEVOIR', 1),
(492, 42, 4, 2, 13.00, '2025-12-30', 'VALIDE', 0, 'DEVOIR', 1),
(493, 42, 5, 1, 15.00, '2025-12-30', 'VALIDE', 0, 'DEVOIR', 1),
(494, 42, 5, 2, 14.00, '2025-12-30', 'VALIDE', 0, 'DEVOIR', 1),
(495, 42, 6, 1, 15.00, '2025-12-30', 'VALIDE', 0, 'DEVOIR', 1),
(496, 42, 6, 2, 14.00, '2025-12-30', 'VALIDE', 0, 'DEVOIR', 1),
(497, 42, 7, 1, 11.00, '2025-12-30', 'VALIDE', 0, 'DEVOIR', 1),
(498, 42, 7, 2, 13.00, '2025-12-30', 'VALIDE', 0, 'DEVOIR', 1),
(499, 42, 8, 1, 14.00, '2025-12-30', 'VALIDE', 0, 'DEVOIR', 1),
(500, 42, 8, 2, 15.00, '2025-12-30', 'VALIDE', 0, 'DEVOIR', 1),
(501, 42, 9, 1, 11.00, '2025-12-30', 'VALIDE', 0, 'DEVOIR', 1),
(502, 42, 9, 2, 11.00, '2025-12-30', 'VALIDE', 0, 'DEVOIR', 1),
(503, 42, 10, 1, 12.00, '2025-12-30', 'VALIDE', 0, 'DEVOIR', 1),
(504, 42, 10, 2, 12.00, '2025-12-30', 'VALIDE', 0, 'DEVOIR', 1),
(505, 42, 11, 1, 12.00, '2025-12-30', 'VALIDE', 0, 'DEVOIR', 1),
(506, 42, 11, 2, 14.00, '2025-12-30', 'VALIDE', 0, 'DEVOIR', 1),
(507, 42, 12, 1, 12.00, '2025-12-30', 'VALIDE', 0, 'DEVOIR', 1),
(508, 42, 12, 2, 15.00, '2025-12-30', 'VALIDE', 0, 'DEVOIR', 1),
(509, 42, 13, 1, 11.00, '2025-12-30', 'VALIDE', 0, 'DEVOIR', 1),
(510, 42, 13, 2, 13.00, '2025-12-30', 'VALIDE', 0, 'DEVOIR', 1),
(511, 41, 1, 1, 12.00, '2025-12-30', 'VALIDE', 0, 'DEVOIR', 1),
(512, 41, 1, 2, 12.00, '2025-12-30', 'VALIDE', 0, 'DEVOIR', 1),
(513, 41, 2, 1, 13.00, '2025-12-30', 'VALIDE', 0, 'DEVOIR', 1),
(514, 41, 2, 2, 14.00, '2025-12-30', 'VALIDE', 0, 'DEVOIR', 1),
(515, 41, 3, 1, 13.00, '2025-12-30', 'VALIDE', 0, 'DEVOIR', 1),
(516, 41, 3, 2, 12.00, '2025-12-30', 'VALIDE', 0, 'DEVOIR', 1),
(517, 41, 4, 1, 15.00, '2025-12-30', 'VALIDE', 0, 'DEVOIR', 1),
(518, 41, 4, 2, 11.00, '2025-12-30', 'VALIDE', 0, 'DEVOIR', 1),
(519, 41, 5, 1, 15.00, '2025-12-30', 'VALIDE', 0, 'DEVOIR', 1),
(520, 41, 5, 2, 12.00, '2025-12-30', 'VALIDE', 0, 'DEVOIR', 1),
(521, 41, 6, 1, 15.00, '2025-12-30', 'VALIDE', 0, 'DEVOIR', 1),
(522, 41, 6, 2, 15.00, '2025-12-30', 'VALIDE', 0, 'DEVOIR', 1),
(523, 41, 7, 1, 14.00, '2025-12-30', 'VALIDE', 0, 'DEVOIR', 1),
(524, 41, 7, 2, 14.00, '2025-12-30', 'VALIDE', 0, 'DEVOIR', 1),
(525, 41, 8, 1, 15.00, '2025-12-30', 'VALIDE', 0, 'DEVOIR', 1),
(526, 41, 8, 2, 14.00, '2025-12-30', 'VALIDE', 0, 'DEVOIR', 1),
(527, 41, 9, 1, 14.00, '2025-12-30', 'VALIDE', 0, 'DEVOIR', 1),
(528, 41, 9, 2, 15.00, '2025-12-30', 'VALIDE', 0, 'DEVOIR', 1),
(529, 41, 10, 1, 11.00, '2025-12-30', 'VALIDE', 0, 'DEVOIR', 1),
(530, 41, 10, 2, 11.00, '2025-12-30', 'VALIDE', 0, 'DEVOIR', 1),
(531, 41, 11, 1, 14.00, '2025-12-30', 'VALIDE', 0, 'DEVOIR', 1),
(532, 41, 11, 2, 14.00, '2025-12-30', 'VALIDE', 0, 'DEVOIR', 1),
(533, 41, 12, 1, 13.00, '2025-12-30', 'VALIDE', 0, 'DEVOIR', 1),
(534, 41, 12, 2, 13.00, '2025-12-30', 'VALIDE', 0, 'DEVOIR', 1),
(535, 41, 13, 1, 13.00, '2025-12-30', 'VALIDE', 0, 'DEVOIR', 1),
(536, 41, 13, 2, 12.00, '2025-12-30', 'VALIDE', 0, 'DEVOIR', 1),
(537, 43, 1, 1, 14.00, '2025-12-30', 'VALIDE', 0, 'DEVOIR', 1),
(538, 43, 1, 2, 13.00, '2025-12-30', 'VALIDE', 0, 'DEVOIR', 1),
(539, 43, 2, 1, 13.00, '2025-12-30', 'VALIDE', 0, 'DEVOIR', 1),
(540, 43, 2, 2, 11.00, '2025-12-30', 'VALIDE', 0, 'DEVOIR', 1),
(541, 43, 3, 1, 11.00, '2025-12-30', 'VALIDE', 0, 'DEVOIR', 1),
(542, 43, 3, 2, 15.00, '2025-12-30', 'VALIDE', 0, 'DEVOIR', 1),
(543, 43, 4, 1, 12.00, '2025-12-30', 'VALIDE', 0, 'DEVOIR', 1),
(544, 43, 4, 2, 15.00, '2025-12-30', 'VALIDE', 0, 'DEVOIR', 1),
(545, 43, 5, 1, 15.00, '2025-12-30', 'VALIDE', 0, 'DEVOIR', 1),
(546, 43, 5, 2, 15.00, '2025-12-30', 'VALIDE', 0, 'DEVOIR', 1),
(547, 43, 6, 1, 15.00, '2025-12-30', 'VALIDE', 0, 'DEVOIR', 1),
(548, 43, 6, 2, 14.00, '2025-12-30', 'VALIDE', 0, 'DEVOIR', 1),
(549, 43, 7, 1, 15.00, '2025-12-30', 'VALIDE', 0, 'DEVOIR', 1),
(550, 43, 7, 2, 13.00, '2025-12-30', 'VALIDE', 0, 'DEVOIR', 1),
(551, 43, 8, 1, 15.00, '2025-12-30', 'VALIDE', 0, 'DEVOIR', 1),
(552, 43, 8, 2, 11.00, '2025-12-30', 'VALIDE', 0, 'DEVOIR', 1),
(553, 43, 9, 1, 11.00, '2025-12-30', 'VALIDE', 0, 'DEVOIR', 1),
(554, 43, 9, 2, 14.00, '2025-12-30', 'VALIDE', 0, 'DEVOIR', 1),
(555, 43, 10, 1, 13.00, '2025-12-30', 'VALIDE', 0, 'DEVOIR', 1),
(556, 43, 10, 2, 11.00, '2025-12-30', 'VALIDE', 0, 'DEVOIR', 1),
(557, 43, 11, 1, 13.00, '2025-12-30', 'VALIDE', 0, 'DEVOIR', 1),
(558, 43, 11, 2, 15.00, '2025-12-30', 'VALIDE', 0, 'DEVOIR', 1),
(559, 43, 12, 1, 14.00, '2025-12-30', 'VALIDE', 0, 'DEVOIR', 1),
(560, 43, 12, 2, 15.00, '2025-12-30', 'VALIDE', 0, 'DEVOIR', 1),
(561, 43, 13, 1, 12.00, '2025-12-30', 'VALIDE', 0, 'DEVOIR', 1),
(562, 43, 13, 2, 15.00, '2025-12-30', 'VALIDE', 0, 'DEVOIR', 1),
(563, 51, 1, 1, 7.00, '2025-12-30', 'VALIDE', 0, 'DEVOIR', 1),
(564, 51, 1, 2, 4.00, '2025-12-30', 'VALIDE', 0, 'DEVOIR', 1),
(565, 51, 2, 1, 8.00, '2025-12-30', 'VALIDE', 0, 'DEVOIR', 1),
(566, 51, 2, 2, 8.00, '2025-12-30', 'VALIDE', 0, 'DEVOIR', 1),
(567, 51, 3, 1, 7.00, '2025-12-30', 'VALIDE', 0, 'DEVOIR', 1),
(568, 51, 3, 2, 5.00, '2025-12-30', 'VALIDE', 0, 'DEVOIR', 1),
(569, 51, 4, 1, 6.00, '2025-12-30', 'VALIDE', 0, 'DEVOIR', 1),
(570, 51, 4, 2, 5.00, '2025-12-30', 'VALIDE', 0, 'DEVOIR', 1),
(571, 51, 5, 1, 4.00, '2025-12-30', 'VALIDE', 0, 'DEVOIR', 1),
(572, 51, 5, 2, 8.00, '2025-12-30', 'VALIDE', 0, 'DEVOIR', 1),
(573, 51, 6, 1, 4.00, '2025-12-30', 'VALIDE', 0, 'DEVOIR', 1),
(574, 51, 6, 2, 4.00, '2025-12-30', 'VALIDE', 0, 'DEVOIR', 1),
(575, 51, 7, 1, 8.00, '2025-12-30', 'VALIDE', 0, 'DEVOIR', 1),
(576, 51, 7, 2, 4.00, '2025-12-30', 'VALIDE', 0, 'DEVOIR', 1),
(577, 51, 8, 1, 6.00, '2025-12-30', 'VALIDE', 0, 'DEVOIR', 1),
(578, 51, 8, 2, 5.00, '2025-12-30', 'VALIDE', 0, 'DEVOIR', 1),
(579, 51, 9, 1, 6.00, '2025-12-30', 'VALIDE', 0, 'DEVOIR', 1),
(580, 51, 9, 2, 8.00, '2025-12-30', 'VALIDE', 0, 'DEVOIR', 1),
(581, 51, 10, 1, 8.00, '2025-12-30', 'VALIDE', 0, 'DEVOIR', 1),
(582, 51, 10, 2, 8.00, '2025-12-30', 'VALIDE', 0, 'DEVOIR', 1),
(583, 51, 11, 1, 5.00, '2025-12-30', 'VALIDE', 0, 'DEVOIR', 1),
(584, 51, 11, 2, 6.00, '2025-12-30', 'VALIDE', 0, 'DEVOIR', 1),
(585, 51, 12, 1, 5.00, '2025-12-30', 'VALIDE', 0, 'DEVOIR', 1),
(586, 51, 12, 2, 4.00, '2025-12-30', 'VALIDE', 0, 'DEVOIR', 1),
(587, 51, 13, 1, 5.00, '2025-12-30', 'VALIDE', 0, 'DEVOIR', 1),
(588, 51, 13, 2, 7.00, '2025-12-30', 'VALIDE', 0, 'DEVOIR', 1),
(589, 45, 1, 1, 5.00, '2025-12-30', 'VALIDE', 0, 'DEVOIR', 1),
(590, 45, 1, 2, 7.00, '2025-12-30', 'VALIDE', 0, 'DEVOIR', 1),
(591, 45, 2, 1, 4.00, '2025-12-30', 'VALIDE', 0, 'DEVOIR', 1),
(592, 45, 2, 2, 5.00, '2025-12-30', 'VALIDE', 0, 'DEVOIR', 1),
(593, 45, 3, 1, 4.00, '2025-12-30', 'VALIDE', 0, 'DEVOIR', 1),
(594, 45, 3, 2, 4.00, '2025-12-30', 'VALIDE', 0, 'DEVOIR', 1),
(595, 45, 4, 1, 8.00, '2025-12-30', 'VALIDE', 0, 'DEVOIR', 1),
(596, 45, 4, 2, 4.00, '2025-12-30', 'VALIDE', 0, 'DEVOIR', 1),
(597, 45, 5, 1, 6.00, '2025-12-30', 'VALIDE', 0, 'DEVOIR', 1),
(598, 45, 5, 2, 7.00, '2025-12-30', 'VALIDE', 0, 'DEVOIR', 1),
(599, 45, 6, 1, 4.00, '2025-12-30', 'VALIDE', 0, 'DEVOIR', 1),
(600, 45, 6, 2, 5.00, '2025-12-30', 'VALIDE', 0, 'DEVOIR', 1),
(601, 45, 7, 1, 5.00, '2025-12-30', 'VALIDE', 0, 'DEVOIR', 1),
(602, 45, 7, 2, 4.00, '2025-12-30', 'VALIDE', 0, 'DEVOIR', 1),
(603, 45, 8, 1, 7.00, '2025-12-30', 'VALIDE', 0, 'DEVOIR', 1),
(604, 45, 8, 2, 6.00, '2025-12-30', 'VALIDE', 0, 'DEVOIR', 1),
(605, 45, 9, 1, 6.00, '2025-12-30', 'VALIDE', 0, 'DEVOIR', 1),
(606, 45, 9, 2, 8.00, '2025-12-30', 'VALIDE', 0, 'DEVOIR', 1),
(607, 45, 10, 1, 6.00, '2025-12-30', 'VALIDE', 0, 'DEVOIR', 1),
(608, 45, 10, 2, 4.00, '2025-12-30', 'VALIDE', 0, 'DEVOIR', 1),
(609, 45, 11, 1, 6.00, '2025-12-30', 'VALIDE', 0, 'DEVOIR', 1),
(610, 45, 11, 2, 7.00, '2025-12-30', 'VALIDE', 0, 'DEVOIR', 1),
(611, 45, 12, 1, 5.00, '2025-12-30', 'VALIDE', 0, 'DEVOIR', 1),
(612, 45, 12, 2, 8.00, '2025-12-30', 'VALIDE', 0, 'DEVOIR', 1),
(613, 45, 13, 1, 4.00, '2025-12-30', 'VALIDE', 0, 'DEVOIR', 1),
(614, 45, 13, 2, 4.00, '2025-12-30', 'VALIDE', 0, 'DEVOIR', 1),
(615, 49, 1, 1, 11.00, '2025-12-30', 'VALIDE', 0, 'DEVOIR', 1),
(616, 49, 1, 2, 12.00, '2025-12-30', 'VALIDE', 0, 'DEVOIR', 1),
(617, 49, 2, 1, 15.00, '2025-12-30', 'VALIDE', 0, 'DEVOIR', 1),
(618, 49, 2, 2, 11.00, '2025-12-30', 'VALIDE', 0, 'DEVOIR', 1),
(619, 49, 3, 1, 11.00, '2025-12-30', 'VALIDE', 0, 'DEVOIR', 1),
(620, 49, 3, 2, 12.00, '2025-12-30', 'VALIDE', 0, 'DEVOIR', 1),
(621, 49, 4, 1, 14.00, '2025-12-30', 'VALIDE', 0, 'DEVOIR', 1),
(622, 49, 4, 2, 13.00, '2025-12-30', 'VALIDE', 0, 'DEVOIR', 1),
(623, 49, 5, 1, 13.00, '2025-12-30', 'VALIDE', 0, 'DEVOIR', 1),
(624, 49, 5, 2, 14.00, '2025-12-30', 'VALIDE', 0, 'DEVOIR', 1),
(625, 49, 6, 1, 12.00, '2025-12-30', 'VALIDE', 0, 'DEVOIR', 1),
(626, 49, 6, 2, 14.00, '2025-12-30', 'VALIDE', 0, 'DEVOIR', 1),
(627, 49, 7, 1, 13.00, '2025-12-30', 'VALIDE', 0, 'DEVOIR', 1),
(628, 49, 7, 2, 15.00, '2025-12-30', 'VALIDE', 0, 'DEVOIR', 1),
(629, 49, 8, 1, 14.00, '2025-12-30', 'VALIDE', 0, 'DEVOIR', 1),
(630, 49, 8, 2, 12.00, '2025-12-30', 'VALIDE', 0, 'DEVOIR', 1),
(631, 49, 9, 1, 12.00, '2025-12-30', 'VALIDE', 0, 'DEVOIR', 1),
(632, 49, 9, 2, 14.00, '2025-12-30', 'VALIDE', 0, 'DEVOIR', 1),
(633, 49, 10, 1, 14.00, '2025-12-30', 'VALIDE', 0, 'DEVOIR', 1),
(634, 49, 10, 2, 12.00, '2025-12-30', 'VALIDE', 0, 'DEVOIR', 1),
(635, 49, 11, 1, 11.00, '2025-12-30', 'VALIDE', 0, 'DEVOIR', 1),
(636, 49, 11, 2, 14.00, '2025-12-30', 'VALIDE', 0, 'DEVOIR', 1),
(637, 49, 12, 1, 11.00, '2025-12-30', 'VALIDE', 0, 'DEVOIR', 1),
(638, 49, 12, 2, 11.00, '2025-12-30', 'VALIDE', 0, 'DEVOIR', 1),
(639, 49, 13, 1, 15.00, '2025-12-30', 'VALIDE', 0, 'DEVOIR', 1),
(640, 49, 13, 2, 12.00, '2025-12-30', 'VALIDE', 0, 'DEVOIR', 1),
(641, 50, 1, 1, 7.00, '2025-12-30', 'VALIDE', 0, 'DEVOIR', 1),
(642, 50, 1, 2, 4.00, '2025-12-30', 'VALIDE', 0, 'DEVOIR', 1),
(643, 50, 2, 1, 4.00, '2025-12-30', 'VALIDE', 0, 'DEVOIR', 1),
(644, 50, 2, 2, 6.00, '2025-12-30', 'VALIDE', 0, 'DEVOIR', 1),
(645, 50, 3, 1, 7.00, '2025-12-30', 'VALIDE', 0, 'DEVOIR', 1),
(646, 50, 3, 2, 8.00, '2025-12-30', 'VALIDE', 0, 'DEVOIR', 1),
(647, 50, 4, 1, 7.00, '2025-12-30', 'VALIDE', 0, 'DEVOIR', 1),
(648, 50, 4, 2, 6.00, '2025-12-30', 'VALIDE', 0, 'DEVOIR', 1),
(649, 50, 5, 1, 7.00, '2025-12-30', 'VALIDE', 0, 'DEVOIR', 1),
(650, 50, 5, 2, 7.00, '2025-12-30', 'VALIDE', 0, 'DEVOIR', 1),
(651, 50, 6, 1, 8.00, '2025-12-30', 'VALIDE', 0, 'DEVOIR', 1),
(652, 50, 6, 2, 5.00, '2025-12-30', 'VALIDE', 0, 'DEVOIR', 1),
(653, 50, 7, 1, 6.00, '2025-12-30', 'VALIDE', 0, 'DEVOIR', 1),
(654, 50, 7, 2, 5.00, '2025-12-30', 'VALIDE', 0, 'DEVOIR', 1),
(655, 50, 8, 1, 6.00, '2025-12-30', 'VALIDE', 0, 'DEVOIR', 1),
(656, 50, 8, 2, 6.00, '2025-12-30', 'VALIDE', 0, 'DEVOIR', 1),
(657, 50, 9, 1, 4.00, '2025-12-30', 'VALIDE', 0, 'DEVOIR', 1),
(658, 50, 9, 2, 6.00, '2025-12-30', 'VALIDE', 0, 'DEVOIR', 1),
(659, 50, 10, 1, 4.00, '2025-12-30', 'VALIDE', 0, 'DEVOIR', 1),
(660, 50, 10, 2, 7.00, '2025-12-30', 'VALIDE', 0, 'DEVOIR', 1),
(661, 50, 11, 1, 4.00, '2025-12-30', 'VALIDE', 0, 'DEVOIR', 1),
(662, 50, 11, 2, 8.00, '2025-12-30', 'VALIDE', 0, 'DEVOIR', 1),
(663, 50, 12, 1, 7.00, '2025-12-30', 'VALIDE', 0, 'DEVOIR', 1),
(664, 50, 12, 2, 8.00, '2025-12-30', 'VALIDE', 0, 'DEVOIR', 1),
(665, 50, 13, 1, 6.00, '2025-12-30', 'VALIDE', 0, 'DEVOIR', 1),
(666, 50, 13, 2, 5.00, '2025-12-30', 'VALIDE', 0, 'DEVOIR', 1),
(667, 32, 1, 1, 13.00, '2025-12-30', 'VALIDE', 0, 'DEVOIR', 1),
(668, 32, 1, 2, 11.00, '2025-12-30', 'VALIDE', 0, 'DEVOIR', 1),
(669, 32, 2, 1, 12.00, '2025-12-30', 'VALIDE', 0, 'DEVOIR', 1),
(670, 32, 2, 2, 14.00, '2025-12-30', 'VALIDE', 0, 'DEVOIR', 1),
(671, 32, 3, 1, 15.00, '2025-12-30', 'VALIDE', 0, 'DEVOIR', 1),
(672, 32, 3, 2, 14.00, '2025-12-30', 'VALIDE', 0, 'DEVOIR', 1),
(673, 32, 4, 1, 14.00, '2025-12-30', 'VALIDE', 0, 'DEVOIR', 1),
(674, 32, 4, 2, 14.00, '2025-12-30', 'VALIDE', 0, 'DEVOIR', 1),
(675, 32, 5, 1, 13.00, '2025-12-30', 'VALIDE', 0, 'DEVOIR', 1),
(676, 32, 5, 2, 15.00, '2025-12-30', 'VALIDE', 0, 'DEVOIR', 1),
(677, 32, 6, 1, 15.00, '2025-12-30', 'VALIDE', 0, 'DEVOIR', 1),
(678, 32, 6, 2, 11.00, '2025-12-30', 'VALIDE', 0, 'DEVOIR', 1),
(679, 32, 7, 1, 15.00, '2025-12-30', 'VALIDE', 0, 'DEVOIR', 1),
(680, 32, 7, 2, 14.00, '2025-12-30', 'VALIDE', 0, 'DEVOIR', 1),
(681, 32, 8, 1, 11.00, '2025-12-30', 'VALIDE', 0, 'DEVOIR', 1),
(682, 32, 8, 2, 12.00, '2025-12-30', 'VALIDE', 0, 'DEVOIR', 1),
(683, 32, 9, 1, 15.00, '2025-12-30', 'VALIDE', 0, 'DEVOIR', 1),
(684, 32, 9, 2, 15.00, '2025-12-30', 'VALIDE', 0, 'DEVOIR', 1),
(685, 32, 10, 1, 13.00, '2025-12-30', 'VALIDE', 0, 'DEVOIR', 1),
(686, 32, 10, 2, 15.00, '2025-12-30', 'VALIDE', 0, 'DEVOIR', 1),
(687, 32, 11, 1, 11.00, '2025-12-30', 'VALIDE', 0, 'DEVOIR', 1),
(688, 32, 11, 2, 11.00, '2025-12-30', 'VALIDE', 0, 'DEVOIR', 1),
(689, 32, 12, 1, 15.00, '2025-12-30', 'VALIDE', 0, 'DEVOIR', 1),
(690, 32, 12, 2, 12.00, '2025-12-30', 'VALIDE', 0, 'DEVOIR', 1),
(691, 32, 13, 1, 13.00, '2025-12-30', 'VALIDE', 0, 'DEVOIR', 1),
(692, 32, 13, 2, 12.00, '2025-12-30', 'VALIDE', 0, 'DEVOIR', 1),
(693, 33, 1, 1, 14.00, '2025-12-30', 'VALIDE', 0, 'DEVOIR', 1),
(694, 33, 1, 2, 13.00, '2025-12-30', 'VALIDE', 0, 'DEVOIR', 1),
(695, 33, 2, 1, 12.00, '2025-12-30', 'VALIDE', 0, 'DEVOIR', 1),
(696, 33, 2, 2, 15.00, '2025-12-30', 'VALIDE', 0, 'DEVOIR', 1),
(697, 33, 3, 1, 14.00, '2025-12-30', 'VALIDE', 0, 'DEVOIR', 1),
(698, 33, 3, 2, 15.00, '2025-12-30', 'VALIDE', 0, 'DEVOIR', 1),
(699, 33, 4, 1, 14.00, '2025-12-30', 'VALIDE', 0, 'DEVOIR', 1),
(700, 33, 4, 2, 12.00, '2025-12-30', 'VALIDE', 0, 'DEVOIR', 1),
(701, 33, 5, 1, 15.00, '2025-12-30', 'VALIDE', 0, 'DEVOIR', 1),
(702, 33, 5, 2, 13.00, '2025-12-30', 'VALIDE', 0, 'DEVOIR', 1),
(703, 33, 6, 1, 15.00, '2025-12-30', 'VALIDE', 0, 'DEVOIR', 1),
(704, 33, 6, 2, 13.00, '2025-12-30', 'VALIDE', 0, 'DEVOIR', 1),
(705, 33, 7, 1, 12.00, '2025-12-30', 'VALIDE', 0, 'DEVOIR', 1),
(706, 33, 7, 2, 11.00, '2025-12-30', 'VALIDE', 0, 'DEVOIR', 1),
(707, 33, 8, 1, 11.00, '2025-12-30', 'VALIDE', 0, 'DEVOIR', 1),
(708, 33, 8, 2, 14.00, '2025-12-30', 'VALIDE', 0, 'DEVOIR', 1),
(709, 33, 9, 1, 13.00, '2025-12-30', 'VALIDE', 0, 'DEVOIR', 1),
(710, 33, 9, 2, 13.00, '2025-12-30', 'VALIDE', 0, 'DEVOIR', 1),
(711, 33, 10, 1, 12.00, '2025-12-30', 'VALIDE', 0, 'DEVOIR', 1),
(712, 33, 10, 2, 13.00, '2025-12-30', 'VALIDE', 0, 'DEVOIR', 1),
(713, 33, 11, 1, 13.00, '2025-12-30', 'VALIDE', 0, 'DEVOIR', 1),
(714, 33, 11, 2, 14.00, '2025-12-30', 'VALIDE', 0, 'DEVOIR', 1),
(715, 33, 12, 1, 15.00, '2025-12-30', 'VALIDE', 0, 'DEVOIR', 1),
(716, 33, 12, 2, 13.00, '2025-12-30', 'VALIDE', 0, 'DEVOIR', 1),
(717, 33, 13, 1, 15.00, '2025-12-30', 'VALIDE', 0, 'DEVOIR', 1),
(718, 33, 13, 2, 14.00, '2025-12-30', 'VALIDE', 0, 'DEVOIR', 1),
(719, 29, 1, 1, 14.00, '2025-12-30', 'VALIDE', 0, 'DEVOIR', 1),
(720, 29, 1, 2, 15.00, '2025-12-30', 'VALIDE', 0, 'DEVOIR', 1),
(721, 29, 2, 1, 12.00, '2025-12-30', 'VALIDE', 0, 'DEVOIR', 1),
(722, 29, 2, 2, 13.00, '2025-12-30', 'VALIDE', 0, 'DEVOIR', 1),
(723, 29, 3, 1, 14.00, '2025-12-30', 'VALIDE', 0, 'DEVOIR', 1),
(724, 29, 3, 2, 14.00, '2025-12-30', 'VALIDE', 0, 'DEVOIR', 1),
(725, 29, 4, 1, 15.00, '2025-12-30', 'VALIDE', 0, 'DEVOIR', 1),
(726, 29, 4, 2, 15.00, '2025-12-30', 'VALIDE', 0, 'DEVOIR', 1),
(727, 29, 5, 1, 15.00, '2025-12-30', 'VALIDE', 0, 'DEVOIR', 1),
(728, 29, 5, 2, 15.00, '2025-12-30', 'VALIDE', 0, 'DEVOIR', 1),
(729, 29, 6, 1, 12.00, '2025-12-30', 'VALIDE', 0, 'DEVOIR', 1),
(730, 29, 6, 2, 11.00, '2025-12-30', 'VALIDE', 0, 'DEVOIR', 1),
(731, 29, 7, 1, 14.00, '2025-12-30', 'VALIDE', 0, 'DEVOIR', 1),
(732, 29, 7, 2, 12.00, '2025-12-30', 'VALIDE', 0, 'DEVOIR', 1),
(733, 29, 8, 1, 12.00, '2025-12-30', 'VALIDE', 0, 'DEVOIR', 1),
(734, 29, 8, 2, 13.00, '2025-12-30', 'VALIDE', 0, 'DEVOIR', 1),
(735, 29, 9, 1, 14.00, '2025-12-30', 'VALIDE', 0, 'DEVOIR', 1),
(736, 29, 9, 2, 13.00, '2025-12-30', 'VALIDE', 0, 'DEVOIR', 1),
(737, 29, 10, 1, 14.00, '2025-12-30', 'VALIDE', 0, 'DEVOIR', 1),
(738, 29, 10, 2, 12.00, '2025-12-30', 'VALIDE', 0, 'DEVOIR', 1),
(739, 29, 11, 1, 12.00, '2025-12-30', 'VALIDE', 0, 'DEVOIR', 1),
(740, 29, 11, 2, 11.00, '2025-12-30', 'VALIDE', 0, 'DEVOIR', 1),
(741, 29, 12, 1, 13.00, '2025-12-30', 'VALIDE', 0, 'DEVOIR', 1),
(742, 29, 12, 2, 11.00, '2025-12-30', 'VALIDE', 0, 'DEVOIR', 1),
(743, 29, 13, 1, 11.00, '2025-12-30', 'VALIDE', 0, 'DEVOIR', 1),
(744, 29, 13, 2, 15.00, '2025-12-30', 'VALIDE', 0, 'DEVOIR', 1),
(745, 28, 1, 1, 5.00, '2025-12-30', 'VALIDE', 0, 'DEVOIR', 1),
(746, 28, 1, 2, 6.00, '2025-12-30', 'VALIDE', 0, 'DEVOIR', 1),
(747, 28, 2, 1, 5.00, '2025-12-30', 'VALIDE', 0, 'DEVOIR', 1),
(748, 28, 2, 2, 7.00, '2025-12-30', 'VALIDE', 0, 'DEVOIR', 1),
(749, 28, 3, 1, 4.00, '2025-12-30', 'VALIDE', 0, 'DEVOIR', 1),
(750, 28, 3, 2, 4.00, '2025-12-30', 'VALIDE', 0, 'DEVOIR', 1),
(751, 28, 4, 1, 5.00, '2025-12-30', 'VALIDE', 0, 'DEVOIR', 1),
(752, 28, 4, 2, 6.00, '2025-12-30', 'VALIDE', 0, 'DEVOIR', 1),
(753, 28, 5, 1, 6.00, '2025-12-30', 'VALIDE', 0, 'DEVOIR', 1),
(754, 28, 5, 2, 8.00, '2025-12-30', 'VALIDE', 0, 'DEVOIR', 1),
(755, 28, 6, 1, 5.00, '2025-12-30', 'VALIDE', 0, 'DEVOIR', 1),
(756, 28, 6, 2, 4.00, '2025-12-30', 'VALIDE', 0, 'DEVOIR', 1),
(757, 28, 7, 1, 6.00, '2025-12-30', 'VALIDE', 0, 'DEVOIR', 1),
(758, 28, 7, 2, 4.00, '2025-12-30', 'VALIDE', 0, 'DEVOIR', 1),
(759, 28, 8, 1, 7.00, '2025-12-30', 'VALIDE', 0, 'DEVOIR', 1),
(760, 28, 8, 2, 4.00, '2025-12-30', 'VALIDE', 0, 'DEVOIR', 1),
(761, 28, 9, 1, 4.00, '2025-12-30', 'VALIDE', 0, 'DEVOIR', 1),
(762, 28, 9, 2, 6.00, '2025-12-30', 'VALIDE', 0, 'DEVOIR', 1),
(763, 28, 10, 1, 5.00, '2025-12-30', 'VALIDE', 0, 'DEVOIR', 1),
(764, 28, 10, 2, 4.00, '2025-12-30', 'VALIDE', 0, 'DEVOIR', 1),
(765, 28, 11, 1, 4.00, '2025-12-30', 'VALIDE', 0, 'DEVOIR', 1),
(766, 28, 11, 2, 8.00, '2025-12-30', 'VALIDE', 0, 'DEVOIR', 1),
(767, 28, 12, 1, 6.00, '2025-12-30', 'VALIDE', 0, 'DEVOIR', 1),
(768, 28, 12, 2, 7.00, '2025-12-30', 'VALIDE', 0, 'DEVOIR', 1),
(769, 28, 13, 1, 8.00, '2025-12-30', 'VALIDE', 0, 'DEVOIR', 1),
(770, 28, 13, 2, 4.00, '2025-12-30', 'VALIDE', 0, 'DEVOIR', 1),
(771, 36, 1, 1, 12.00, '2025-12-30', 'VALIDE', 0, 'DEVOIR', 1),
(772, 36, 1, 2, 11.00, '2025-12-30', 'VALIDE', 0, 'DEVOIR', 1),
(773, 36, 2, 1, 14.00, '2025-12-30', 'VALIDE', 0, 'DEVOIR', 1),
(774, 36, 2, 2, 14.00, '2025-12-30', 'VALIDE', 0, 'DEVOIR', 1),
(775, 36, 3, 1, 13.00, '2025-12-30', 'VALIDE', 0, 'DEVOIR', 1),
(776, 36, 3, 2, 11.00, '2025-12-30', 'VALIDE', 0, 'DEVOIR', 1),
(777, 36, 4, 1, 12.00, '2025-12-30', 'VALIDE', 0, 'DEVOIR', 1),
(778, 36, 4, 2, 13.00, '2025-12-30', 'VALIDE', 0, 'DEVOIR', 1),
(779, 36, 5, 1, 15.00, '2025-12-30', 'VALIDE', 0, 'DEVOIR', 1),
(780, 36, 5, 2, 15.00, '2025-12-30', 'VALIDE', 0, 'DEVOIR', 1),
(781, 36, 6, 1, 11.00, '2025-12-30', 'VALIDE', 0, 'DEVOIR', 1),
(782, 36, 6, 2, 11.00, '2025-12-30', 'VALIDE', 0, 'DEVOIR', 1),
(783, 36, 7, 1, 12.00, '2025-12-30', 'VALIDE', 0, 'DEVOIR', 1),
(784, 36, 7, 2, 12.00, '2025-12-30', 'VALIDE', 0, 'DEVOIR', 1),
(785, 36, 8, 1, 13.00, '2025-12-30', 'VALIDE', 0, 'DEVOIR', 1),
(786, 36, 8, 2, 15.00, '2025-12-30', 'VALIDE', 0, 'DEVOIR', 1),
(787, 36, 9, 1, 15.00, '2025-12-30', 'VALIDE', 0, 'DEVOIR', 1),
(788, 36, 9, 2, 11.00, '2025-12-30', 'VALIDE', 0, 'DEVOIR', 1),
(789, 36, 10, 1, 13.00, '2025-12-30', 'VALIDE', 0, 'DEVOIR', 1),
(790, 36, 10, 2, 11.00, '2025-12-30', 'VALIDE', 0, 'DEVOIR', 1),
(791, 36, 11, 1, 13.00, '2025-12-30', 'VALIDE', 0, 'DEVOIR', 1),
(792, 36, 11, 2, 14.00, '2025-12-30', 'VALIDE', 0, 'DEVOIR', 1),
(793, 36, 12, 1, 14.00, '2025-12-30', 'VALIDE', 0, 'DEVOIR', 1),
(794, 36, 12, 2, 13.00, '2025-12-30', 'VALIDE', 0, 'DEVOIR', 1),
(795, 36, 13, 1, 15.00, '2025-12-30', 'VALIDE', 0, 'DEVOIR', 1),
(796, 36, 13, 2, 15.00, '2025-12-30', 'VALIDE', 0, 'DEVOIR', 1),
(797, 37, 1, 1, 14.00, '2025-12-30', 'VALIDE', 0, 'DEVOIR', 1),
(798, 37, 1, 2, 13.00, '2025-12-30', 'VALIDE', 0, 'DEVOIR', 1),
(799, 37, 2, 1, 12.00, '2025-12-30', 'VALIDE', 0, 'DEVOIR', 1),
(800, 37, 2, 2, 14.00, '2025-12-30', 'VALIDE', 0, 'DEVOIR', 1),
(801, 37, 3, 1, 13.00, '2025-12-30', 'VALIDE', 0, 'DEVOIR', 1),
(802, 37, 3, 2, 11.00, '2025-12-30', 'VALIDE', 0, 'DEVOIR', 1),
(803, 37, 4, 1, 11.00, '2025-12-30', 'VALIDE', 0, 'DEVOIR', 1),
(804, 37, 4, 2, 13.00, '2025-12-30', 'VALIDE', 0, 'DEVOIR', 1);
INSERT INTO `notes` (`id`, `eleve_id`, `matiere_id`, `semestre_id`, `valeur`, `date_note`, `statut`, `verrouille`, `type_evaluation`, `numero_evaluation`) VALUES
(805, 37, 5, 1, 11.00, '2025-12-30', 'VALIDE', 0, 'DEVOIR', 1),
(806, 37, 5, 2, 13.00, '2025-12-30', 'VALIDE', 0, 'DEVOIR', 1),
(807, 37, 6, 1, 11.00, '2025-12-30', 'VALIDE', 0, 'DEVOIR', 1),
(808, 37, 6, 2, 11.00, '2025-12-30', 'VALIDE', 0, 'DEVOIR', 1),
(809, 37, 7, 1, 15.00, '2025-12-30', 'VALIDE', 0, 'DEVOIR', 1),
(810, 37, 7, 2, 11.00, '2025-12-30', 'VALIDE', 0, 'DEVOIR', 1),
(811, 37, 8, 1, 14.00, '2025-12-30', 'VALIDE', 0, 'DEVOIR', 1),
(812, 37, 8, 2, 12.00, '2025-12-30', 'VALIDE', 0, 'DEVOIR', 1),
(813, 37, 9, 1, 13.00, '2025-12-30', 'VALIDE', 0, 'DEVOIR', 1),
(814, 37, 9, 2, 13.00, '2025-12-30', 'VALIDE', 0, 'DEVOIR', 1),
(815, 37, 10, 1, 11.00, '2025-12-30', 'VALIDE', 0, 'DEVOIR', 1),
(816, 37, 10, 2, 12.00, '2025-12-30', 'VALIDE', 0, 'DEVOIR', 1),
(817, 37, 11, 1, 15.00, '2025-12-30', 'VALIDE', 0, 'DEVOIR', 1),
(818, 37, 11, 2, 11.00, '2025-12-30', 'VALIDE', 0, 'DEVOIR', 1),
(819, 37, 12, 1, 12.00, '2025-12-30', 'VALIDE', 0, 'DEVOIR', 1),
(820, 37, 12, 2, 11.00, '2025-12-30', 'VALIDE', 0, 'DEVOIR', 1),
(821, 37, 13, 1, 13.00, '2025-12-30', 'VALIDE', 0, 'DEVOIR', 1),
(822, 37, 13, 2, 13.00, '2025-12-30', 'VALIDE', 0, 'DEVOIR', 1),
(823, 39, 1, 1, 14.00, '2025-12-30', 'VALIDE', 0, 'DEVOIR', 1),
(824, 39, 1, 2, 11.00, '2025-12-30', 'VALIDE', 0, 'DEVOIR', 1),
(825, 39, 2, 1, 14.00, '2025-12-30', 'VALIDE', 0, 'DEVOIR', 1),
(826, 39, 2, 2, 15.00, '2025-12-30', 'VALIDE', 0, 'DEVOIR', 1),
(827, 39, 3, 1, 11.00, '2025-12-30', 'VALIDE', 0, 'DEVOIR', 1),
(828, 39, 3, 2, 15.00, '2025-12-30', 'VALIDE', 0, 'DEVOIR', 1),
(829, 39, 4, 1, 12.00, '2025-12-30', 'VALIDE', 0, 'DEVOIR', 1),
(830, 39, 4, 2, 14.00, '2025-12-30', 'VALIDE', 0, 'DEVOIR', 1),
(831, 39, 5, 1, 13.00, '2025-12-30', 'VALIDE', 0, 'DEVOIR', 1),
(832, 39, 5, 2, 13.00, '2025-12-30', 'VALIDE', 0, 'DEVOIR', 1),
(833, 39, 6, 1, 11.00, '2025-12-30', 'VALIDE', 0, 'DEVOIR', 1),
(834, 39, 6, 2, 15.00, '2025-12-30', 'VALIDE', 0, 'DEVOIR', 1),
(835, 39, 7, 1, 14.00, '2025-12-30', 'VALIDE', 0, 'DEVOIR', 1),
(836, 39, 7, 2, 11.00, '2025-12-30', 'VALIDE', 0, 'DEVOIR', 1),
(837, 39, 8, 1, 15.00, '2025-12-30', 'VALIDE', 0, 'DEVOIR', 1),
(838, 39, 8, 2, 13.00, '2025-12-30', 'VALIDE', 0, 'DEVOIR', 1),
(839, 39, 9, 1, 14.00, '2025-12-30', 'VALIDE', 0, 'DEVOIR', 1),
(840, 39, 9, 2, 14.00, '2025-12-30', 'VALIDE', 0, 'DEVOIR', 1),
(841, 39, 10, 1, 14.00, '2025-12-30', 'VALIDE', 0, 'DEVOIR', 1),
(842, 39, 10, 2, 13.00, '2025-12-30', 'VALIDE', 0, 'DEVOIR', 1),
(843, 39, 11, 1, 14.00, '2025-12-30', 'VALIDE', 0, 'DEVOIR', 1),
(844, 39, 11, 2, 15.00, '2025-12-30', 'VALIDE', 0, 'DEVOIR', 1),
(845, 39, 12, 1, 15.00, '2025-12-30', 'VALIDE', 0, 'DEVOIR', 1),
(846, 39, 12, 2, 14.00, '2025-12-30', 'VALIDE', 0, 'DEVOIR', 1),
(847, 39, 13, 1, 14.00, '2025-12-30', 'VALIDE', 0, 'DEVOIR', 1),
(848, 39, 13, 2, 11.00, '2025-12-30', 'VALIDE', 0, 'DEVOIR', 1),
(849, 38, 1, 1, 14.00, '2025-12-30', 'VALIDE', 0, 'DEVOIR', 1),
(850, 38, 1, 2, 13.00, '2025-12-30', 'VALIDE', 0, 'DEVOIR', 1),
(851, 38, 2, 1, 13.00, '2025-12-30', 'VALIDE', 0, 'DEVOIR', 1),
(852, 38, 2, 2, 14.00, '2025-12-30', 'VALIDE', 0, 'DEVOIR', 1),
(853, 38, 3, 1, 14.00, '2025-12-30', 'VALIDE', 0, 'DEVOIR', 1),
(854, 38, 3, 2, 15.00, '2025-12-30', 'VALIDE', 0, 'DEVOIR', 1),
(855, 38, 4, 1, 12.00, '2025-12-30', 'VALIDE', 0, 'DEVOIR', 1),
(856, 38, 4, 2, 15.00, '2025-12-30', 'VALIDE', 0, 'DEVOIR', 1),
(857, 38, 5, 1, 14.00, '2025-12-30', 'VALIDE', 0, 'DEVOIR', 1),
(858, 38, 5, 2, 14.00, '2025-12-30', 'VALIDE', 0, 'DEVOIR', 1),
(859, 38, 6, 1, 12.00, '2025-12-30', 'VALIDE', 0, 'DEVOIR', 1),
(860, 38, 6, 2, 13.00, '2025-12-30', 'VALIDE', 0, 'DEVOIR', 1),
(861, 38, 7, 1, 15.00, '2025-12-30', 'VALIDE', 0, 'DEVOIR', 1),
(862, 38, 7, 2, 11.00, '2025-12-30', 'VALIDE', 0, 'DEVOIR', 1),
(863, 38, 8, 1, 13.00, '2025-12-30', 'VALIDE', 0, 'DEVOIR', 1),
(864, 38, 8, 2, 15.00, '2025-12-30', 'VALIDE', 0, 'DEVOIR', 1),
(865, 38, 9, 1, 15.00, '2025-12-30', 'VALIDE', 0, 'DEVOIR', 1),
(866, 38, 9, 2, 14.00, '2025-12-30', 'VALIDE', 0, 'DEVOIR', 1),
(867, 38, 10, 1, 11.00, '2025-12-30', 'VALIDE', 0, 'DEVOIR', 1),
(868, 38, 10, 2, 12.00, '2025-12-30', 'VALIDE', 0, 'DEVOIR', 1),
(869, 38, 11, 1, 13.00, '2025-12-30', 'VALIDE', 0, 'DEVOIR', 1),
(870, 38, 11, 2, 11.00, '2025-12-30', 'VALIDE', 0, 'DEVOIR', 1),
(871, 38, 12, 1, 15.00, '2025-12-30', 'VALIDE', 0, 'DEVOIR', 1),
(872, 38, 12, 2, 11.00, '2025-12-30', 'VALIDE', 0, 'DEVOIR', 1),
(873, 38, 13, 1, 11.00, '2025-12-30', 'VALIDE', 0, 'DEVOIR', 1),
(874, 38, 13, 2, 14.00, '2025-12-30', 'VALIDE', 0, 'DEVOIR', 1),
(875, 40, 1, 1, 6.00, '2025-12-30', 'VALIDE', 0, 'DEVOIR', 1),
(876, 40, 1, 2, 6.00, '2025-12-30', 'VALIDE', 0, 'DEVOIR', 1),
(877, 40, 2, 1, 8.00, '2025-12-30', 'VALIDE', 0, 'DEVOIR', 1),
(878, 40, 2, 2, 8.00, '2025-12-30', 'VALIDE', 0, 'DEVOIR', 1),
(879, 40, 3, 1, 6.00, '2025-12-30', 'VALIDE', 0, 'DEVOIR', 1),
(880, 40, 3, 2, 8.00, '2025-12-30', 'VALIDE', 0, 'DEVOIR', 1),
(881, 40, 4, 1, 4.00, '2025-12-30', 'VALIDE', 0, 'DEVOIR', 1),
(882, 40, 4, 2, 5.00, '2025-12-30', 'VALIDE', 0, 'DEVOIR', 1),
(883, 40, 5, 1, 8.00, '2025-12-30', 'VALIDE', 0, 'DEVOIR', 1),
(884, 40, 5, 2, 5.00, '2025-12-30', 'VALIDE', 0, 'DEVOIR', 1),
(885, 40, 6, 1, 4.00, '2025-12-30', 'VALIDE', 0, 'DEVOIR', 1),
(886, 40, 6, 2, 8.00, '2025-12-30', 'VALIDE', 0, 'DEVOIR', 1),
(887, 40, 7, 1, 4.00, '2025-12-30', 'VALIDE', 0, 'DEVOIR', 1),
(888, 40, 7, 2, 4.00, '2025-12-30', 'VALIDE', 0, 'DEVOIR', 1),
(889, 40, 8, 1, 4.00, '2025-12-30', 'VALIDE', 0, 'DEVOIR', 1),
(890, 40, 8, 2, 4.00, '2025-12-30', 'VALIDE', 0, 'DEVOIR', 1),
(891, 40, 9, 1, 6.00, '2025-12-30', 'VALIDE', 0, 'DEVOIR', 1),
(892, 40, 9, 2, 6.00, '2025-12-30', 'VALIDE', 0, 'DEVOIR', 1),
(893, 40, 10, 1, 5.00, '2025-12-30', 'VALIDE', 0, 'DEVOIR', 1),
(894, 40, 10, 2, 8.00, '2025-12-30', 'VALIDE', 0, 'DEVOIR', 1),
(895, 40, 11, 1, 5.00, '2025-12-30', 'VALIDE', 0, 'DEVOIR', 1),
(896, 40, 11, 2, 8.00, '2025-12-30', 'VALIDE', 0, 'DEVOIR', 1),
(897, 40, 12, 1, 5.00, '2025-12-30', 'VALIDE', 0, 'DEVOIR', 1),
(898, 40, 12, 2, 5.00, '2025-12-30', 'VALIDE', 0, 'DEVOIR', 1),
(899, 40, 13, 1, 5.00, '2025-12-30', 'VALIDE', 0, 'DEVOIR', 1),
(900, 40, 13, 2, 5.00, '2025-12-30', 'VALIDE', 0, 'DEVOIR', 1),
(901, 48, 1, 1, 11.00, '2025-12-30', 'VALIDE', 0, 'DEVOIR', 1),
(902, 48, 1, 2, 12.00, '2025-12-30', 'VALIDE', 0, 'DEVOIR', 1),
(903, 48, 2, 1, 13.00, '2025-12-30', 'VALIDE', 0, 'DEVOIR', 1),
(904, 48, 2, 2, 14.00, '2025-12-30', 'VALIDE', 0, 'DEVOIR', 1),
(905, 48, 3, 1, 12.00, '2025-12-30', 'VALIDE', 0, 'DEVOIR', 1),
(906, 48, 3, 2, 13.00, '2025-12-30', 'VALIDE', 0, 'DEVOIR', 1),
(907, 48, 4, 1, 13.00, '2025-12-30', 'VALIDE', 0, 'DEVOIR', 1),
(908, 48, 4, 2, 13.00, '2025-12-30', 'VALIDE', 0, 'DEVOIR', 1),
(909, 48, 5, 1, 15.00, '2025-12-30', 'VALIDE', 0, 'DEVOIR', 1),
(910, 48, 5, 2, 14.00, '2025-12-30', 'VALIDE', 0, 'DEVOIR', 1),
(911, 48, 6, 1, 15.00, '2025-12-30', 'VALIDE', 0, 'DEVOIR', 1),
(912, 48, 6, 2, 14.00, '2025-12-30', 'VALIDE', 0, 'DEVOIR', 1),
(913, 48, 7, 1, 11.00, '2025-12-30', 'VALIDE', 0, 'DEVOIR', 1),
(914, 48, 7, 2, 11.00, '2025-12-30', 'VALIDE', 0, 'DEVOIR', 1),
(915, 48, 8, 1, 14.00, '2025-12-30', 'VALIDE', 0, 'DEVOIR', 1),
(916, 48, 8, 2, 13.00, '2025-12-30', 'VALIDE', 0, 'DEVOIR', 1),
(917, 48, 9, 1, 12.00, '2025-12-30', 'VALIDE', 0, 'DEVOIR', 1),
(918, 48, 9, 2, 13.00, '2025-12-30', 'VALIDE', 0, 'DEVOIR', 1),
(919, 48, 10, 1, 15.00, '2025-12-30', 'VALIDE', 0, 'DEVOIR', 1),
(920, 48, 10, 2, 13.00, '2025-12-30', 'VALIDE', 0, 'DEVOIR', 1),
(921, 48, 11, 1, 15.00, '2025-12-30', 'VALIDE', 0, 'DEVOIR', 1),
(922, 48, 11, 2, 12.00, '2025-12-30', 'VALIDE', 0, 'DEVOIR', 1),
(923, 48, 12, 1, 14.00, '2025-12-30', 'VALIDE', 0, 'DEVOIR', 1),
(924, 48, 12, 2, 12.00, '2025-12-30', 'VALIDE', 0, 'DEVOIR', 1),
(925, 48, 13, 1, 15.00, '2025-12-30', 'VALIDE', 0, 'DEVOIR', 1),
(926, 48, 13, 2, 12.00, '2025-12-30', 'VALIDE', 0, 'DEVOIR', 1),
(927, 47, 1, 1, 13.00, '2025-12-30', 'VALIDE', 0, 'DEVOIR', 1),
(928, 47, 1, 2, 13.00, '2025-12-30', 'VALIDE', 0, 'DEVOIR', 1),
(929, 47, 2, 1, 15.00, '2025-12-30', 'VALIDE', 0, 'DEVOIR', 1),
(930, 47, 2, 2, 12.00, '2025-12-30', 'VALIDE', 0, 'DEVOIR', 1),
(931, 47, 3, 1, 13.00, '2025-12-30', 'VALIDE', 0, 'DEVOIR', 1),
(932, 47, 3, 2, 11.00, '2025-12-30', 'VALIDE', 0, 'DEVOIR', 1),
(933, 47, 4, 1, 11.00, '2025-12-30', 'VALIDE', 0, 'DEVOIR', 1),
(934, 47, 4, 2, 14.00, '2025-12-30', 'VALIDE', 0, 'DEVOIR', 1),
(935, 47, 5, 1, 12.00, '2025-12-30', 'VALIDE', 0, 'DEVOIR', 1),
(936, 47, 5, 2, 15.00, '2025-12-30', 'VALIDE', 0, 'DEVOIR', 1),
(937, 47, 6, 1, 13.00, '2025-12-30', 'VALIDE', 0, 'DEVOIR', 1),
(938, 47, 6, 2, 14.00, '2025-12-30', 'VALIDE', 0, 'DEVOIR', 1),
(939, 47, 7, 1, 13.00, '2025-12-30', 'VALIDE', 0, 'DEVOIR', 1),
(940, 47, 7, 2, 12.00, '2025-12-30', 'VALIDE', 0, 'DEVOIR', 1),
(941, 47, 8, 1, 11.00, '2025-12-30', 'VALIDE', 0, 'DEVOIR', 1),
(942, 47, 8, 2, 11.00, '2025-12-30', 'VALIDE', 0, 'DEVOIR', 1),
(943, 47, 9, 1, 14.00, '2025-12-30', 'VALIDE', 0, 'DEVOIR', 1),
(944, 47, 9, 2, 14.00, '2025-12-30', 'VALIDE', 0, 'DEVOIR', 1),
(945, 47, 10, 1, 11.00, '2025-12-30', 'VALIDE', 0, 'DEVOIR', 1),
(946, 47, 10, 2, 14.00, '2025-12-30', 'VALIDE', 0, 'DEVOIR', 1),
(947, 47, 11, 1, 11.00, '2025-12-30', 'VALIDE', 0, 'DEVOIR', 1),
(948, 47, 11, 2, 11.00, '2025-12-30', 'VALIDE', 0, 'DEVOIR', 1),
(949, 47, 12, 1, 12.00, '2025-12-30', 'VALIDE', 0, 'DEVOIR', 1),
(950, 47, 12, 2, 15.00, '2025-12-30', 'VALIDE', 0, 'DEVOIR', 1),
(951, 47, 13, 1, 14.00, '2025-12-30', 'VALIDE', 0, 'DEVOIR', 1),
(952, 47, 13, 2, 12.00, '2025-12-30', 'VALIDE', 0, 'DEVOIR', 1),
(953, 46, 1, 1, 6.00, '2025-12-30', 'VALIDE', 0, 'DEVOIR', 1),
(954, 46, 1, 2, 5.00, '2025-12-30', 'VALIDE', 0, 'DEVOIR', 1),
(955, 46, 2, 1, 7.00, '2025-12-30', 'VALIDE', 0, 'DEVOIR', 1),
(956, 46, 2, 2, 7.00, '2025-12-30', 'VALIDE', 0, 'DEVOIR', 1),
(957, 46, 3, 1, 5.00, '2025-12-30', 'VALIDE', 0, 'DEVOIR', 1),
(958, 46, 3, 2, 6.00, '2025-12-30', 'VALIDE', 0, 'DEVOIR', 1),
(959, 46, 4, 1, 6.00, '2025-12-30', 'VALIDE', 0, 'DEVOIR', 1),
(960, 46, 4, 2, 5.00, '2025-12-30', 'VALIDE', 0, 'DEVOIR', 1),
(961, 46, 5, 1, 7.00, '2025-12-30', 'VALIDE', 0, 'DEVOIR', 1),
(962, 46, 5, 2, 6.00, '2025-12-30', 'VALIDE', 0, 'DEVOIR', 1),
(963, 46, 6, 1, 7.00, '2025-12-30', 'VALIDE', 0, 'DEVOIR', 1),
(964, 46, 6, 2, 5.00, '2025-12-30', 'VALIDE', 0, 'DEVOIR', 1),
(965, 46, 7, 1, 5.00, '2025-12-30', 'VALIDE', 0, 'DEVOIR', 1),
(966, 46, 7, 2, 6.00, '2025-12-30', 'VALIDE', 0, 'DEVOIR', 1),
(967, 46, 8, 1, 6.00, '2025-12-30', 'VALIDE', 0, 'DEVOIR', 1),
(968, 46, 8, 2, 4.00, '2025-12-30', 'VALIDE', 0, 'DEVOIR', 1),
(969, 46, 9, 1, 6.00, '2025-12-30', 'VALIDE', 0, 'DEVOIR', 1),
(970, 46, 9, 2, 5.00, '2025-12-30', 'VALIDE', 0, 'DEVOIR', 1),
(971, 46, 10, 1, 4.00, '2025-12-30', 'VALIDE', 0, 'DEVOIR', 1),
(972, 46, 10, 2, 5.00, '2025-12-30', 'VALIDE', 0, 'DEVOIR', 1),
(973, 46, 11, 1, 8.00, '2025-12-30', 'VALIDE', 0, 'DEVOIR', 1),
(974, 46, 11, 2, 8.00, '2025-12-30', 'VALIDE', 0, 'DEVOIR', 1),
(975, 46, 12, 1, 7.00, '2025-12-30', 'VALIDE', 0, 'DEVOIR', 1),
(976, 46, 12, 2, 6.00, '2025-12-30', 'VALIDE', 0, 'DEVOIR', 1),
(977, 46, 13, 1, 4.00, '2025-12-30', 'VALIDE', 0, 'DEVOIR', 1),
(978, 46, 13, 2, 5.00, '2025-12-30', 'VALIDE', 0, 'DEVOIR', 1);

-- --------------------------------------------------------

--
-- Structure de la table `notifications`
--

CREATE TABLE `notifications` (
  `id` int(11) NOT NULL,
  `user_id` int(11) NOT NULL,
  `message` text NOT NULL,
  `type` enum('MAIL','WHATSAPP') DEFAULT 'MAIL',
  `statut` enum('EN_ATTENTE','ENVOYE','ECHEC') DEFAULT 'EN_ATTENTE',
  `date_envoi` timestamp NOT NULL DEFAULT current_timestamp()
) ENGINE=InnoDB DEFAULT CHARSET=utf8mb4 COLLATE=utf8mb4_general_ci;

-- --------------------------------------------------------

--
-- Structure de la table `parents`
--

CREATE TABLE `parents` (
  `id` int(11) NOT NULL,
  `user_id` int(11) NOT NULL,
  `telephone` varchar(20) DEFAULT NULL
) ENGINE=InnoDB DEFAULT CHARSET=utf8mb4 COLLATE=utf8mb4_general_ci;

--
-- Déchargement des données de la table `parents`
--

INSERT INTO `parents` (`id`, `user_id`, `telephone`) VALUES
(3, 56, NULL),
(4, 58, NULL),
(5, 60, NULL),
(6, 62, NULL),
(7, 64, NULL),
(8, 66, NULL),
(9, 68, NULL),
(10, 70, NULL),
(11, 72, NULL),
(12, 74, NULL),
(13, 76, NULL),
(14, 78, NULL),
(15, 80, NULL),
(16, 82, NULL),
(17, 84, NULL),
(18, 86, NULL),
(19, 88, NULL),
(20, 90, NULL),
(21, 92, NULL),
(22, 94, NULL),
(23, 96, NULL),
(24, 98, NULL),
(25, 100, NULL),
(26, 102, NULL),
(27, 104, NULL),
(28, 106, NULL),
(29, 110, NULL),
(30, 112, NULL),
(31, 114, NULL),
(32, 116, NULL),
(33, 118, NULL),
(34, 120, NULL),
(35, 127, NULL);

-- --------------------------------------------------------

--
-- Structure de la table `parent_eleve`
--

CREATE TABLE `parent_eleve` (
  `parent_id` int(11) NOT NULL,
  `eleve_id` int(11) NOT NULL
) ENGINE=InnoDB DEFAULT CHARSET=utf8mb4 COLLATE=utf8mb4_general_ci;

--
-- Déchargement des données de la table `parent_eleve`
--

INSERT INTO `parent_eleve` (`parent_id`, `eleve_id`) VALUES
(3, 18),
(4, 19),
(5, 20),
(6, 21),
(7, 22),
(8, 23),
(9, 24),
(10, 25),
(11, 26),
(12, 27),
(13, 28),
(14, 29),
(15, 30),
(16, 31),
(17, 32),
(18, 33),
(19, 34),
(20, 35),
(21, 36),
(22, 37),
(23, 38),
(24, 39),
(25, 40),
(26, 41),
(27, 42),
(28, 43),
(29, 45),
(30, 46),
(31, 47),
(32, 48),
(33, 49),
(34, 50),
(35, 51);

-- --------------------------------------------------------

--
-- Structure de la table `responsables`
--

CREATE TABLE `responsables` (
  `id` int(11) NOT NULL,
  `user_id` int(11) NOT NULL,
  `fonction` varchar(255) DEFAULT 'Administrateur'
) ENGINE=InnoDB DEFAULT CHARSET=utf8mb4 COLLATE=utf8mb4_general_ci;

--
-- Déchargement des données de la table `responsables`
--

INSERT INTO `responsables` (`id`, `user_id`, `fonction`) VALUES
(1, 1, 'Admin');

-- --------------------------------------------------------

--
-- Structure de la table `semestres`
--

CREATE TABLE `semestres` (
  `id` int(11) NOT NULL,
  `nom` varchar(255) NOT NULL,
  `date_debut` date DEFAULT NULL,
  `date_fin` date DEFAULT NULL
) ENGINE=InnoDB DEFAULT CHARSET=utf8mb4 COLLATE=utf8mb4_general_ci;

--
-- Déchargement des données de la table `semestres`
--

INSERT INTO `semestres` (`id`, `nom`, `date_debut`, `date_fin`) VALUES
(1, 'Semestre 1', '2023-09-01', '2024-01-31'),
(2, 'Semestre 2', '2024-02-01', '2024-06-30');

-- --------------------------------------------------------

--
-- Structure de la table `series`
--

CREATE TABLE `series` (
  `id` int(11) NOT NULL,
  `nom` varchar(255) NOT NULL
) ENGINE=InnoDB DEFAULT CHARSET=utf8mb4 COLLATE=utf8mb4_general_ci;

--
-- Déchargement des données de la table `series`
--

INSERT INTO `series` (`id`, `nom`) VALUES
(1, 'A'),
(2, 'B'),
(3, 'C'),
(4, 'D');

-- --------------------------------------------------------

--
-- Structure de la table `statistiques`
--

CREATE TABLE `statistiques` (
  `id` int(11) NOT NULL,
  `eleve_id` int(11) NOT NULL,
  `moyenne` decimal(5,2) DEFAULT NULL,
  `rang` int(11) DEFAULT NULL,
  `annee_scolaire` varchar(255) NOT NULL
) ENGINE=InnoDB DEFAULT CHARSET=utf8mb4 COLLATE=utf8mb4_general_ci;

-- --------------------------------------------------------

--
-- Structure de la table `users`
--

CREATE TABLE `users` (
  `id` int(11) NOT NULL,
  `nom` varchar(255) NOT NULL,
  `prenom` varchar(255) NOT NULL,
  `email` varchar(255) NOT NULL,
  `mot_de_passe` varchar(255) NOT NULL,
  `role` enum('RESPONSABLE','ENSEIGNANT','PARENT','ELEVE') NOT NULL,
  `date_creation` timestamp NOT NULL DEFAULT current_timestamp(),
  `doit_changer_mdp` tinyint(1) DEFAULT 0
) ENGINE=InnoDB DEFAULT CHARSET=utf8mb4 COLLATE=utf8mb4_general_ci;

--
-- Déchargement des données de la table `users`
--

INSERT INTO `users` (`id`, `nom`, `prenom`, `email`, `mot_de_passe`, `role`, `date_creation`, `doit_changer_mdp`) VALUES
(1, 'Directeur', 'Admin', 'admin@gmail.com', '$2y$10$CerN86IYKnE1b9yvxKaZ.OvmiqFv3unbJrWwNTNLPfrvPbGsT2ONG', 'RESPONSABLE', '2025-12-27 19:06:31', 0),
(55, 'BAM', 'Ulrich', 'bam@Ulrich.com', '$2y$10$JxgtmM5ge3w7pIl1hYSX9uegZ73BxokuWcBG3N4aejw3qpHGk.aV6', 'ELEVE', '2025-12-28 12:08:11', 1),
(56, 'BAM', 'Parent', 'parent@bam.com', '$2y$10$JxgtmM5ge3w7pIl1hYSX9uegZ73BxokuWcBG3N4aejw3qpHGk.aV6', 'PARENT', '2025-12-28 12:08:11', 1),
(57, 'BAMI', 'Ulk', 'bami@ulk.com', '$2y$10$D2PfFsqgR2e5klTLZQw8M.0KrBkMHXj98MnReXDxFfx.rbS7S3YWG', 'ELEVE', '2025-12-28 12:09:19', 1),
(58, 'BAMI', 'Parent', 'parent@bami.com', '$2y$10$D2PfFsqgR2e5klTLZQw8M.0KrBkMHXj98MnReXDxFfx.rbS7S3YWG', 'PARENT', '2025-12-28 12:09:19', 1),
(59, 'AHIDAZAN', 'Ulrich', 'ahi@ulrich.com', '$2y$10$zEmyHJk/gZ7Wf5H98s5WOOTDduQrYBThHKGedy4LQ2sbHbxgg0wS2', 'ELEVE', '2025-12-28 12:11:13', 1),
(60, 'AHIDAZAN', 'Parent', 'parent@ahi.com', '$2y$10$zEmyHJk/gZ7Wf5H98s5WOOTDduQrYBThHKGedy4LQ2sbHbxgg0wS2', 'PARENT', '2025-12-28 12:11:13', 1),
(61, 'NTCHA', 'Jo', 'ntcha@jo.com', '$2y$10$Eh1QqybaxHcWPv6u3hiSFe0gQaApXhBEQJz3aJMI3EXo01a34g4pS', 'ELEVE', '2025-12-28 12:12:56', 1),
(62, 'NTCHA', 'Parent', 'parent@ntcha.com', '$2y$10$Eh1QqybaxHcWPv6u3hiSFe0gQaApXhBEQJz3aJMI3EXo01a34g4pS', 'PARENT', '2025-12-28 12:12:56', 1),
(63, 'NTCHA', 'Joseph', 'ntcha@joseph.com', '$2y$10$uXQYhIM2ZcOXE6GneDVTMOtBH2E.UvmDn3MyWhSUD4vhnM3LJ6HlS', 'ELEVE', '2025-12-28 12:14:41', 1),
(64, 'NTCHA', 'Parent', 'parent@joseph.com', '$2y$10$uXQYhIM2ZcOXE6GneDVTMOtBH2E.UvmDn3MyWhSUD4vhnM3LJ6HlS', 'PARENT', '2025-12-28 12:14:41', 1),
(65, 'BIG', 'Rolince', 'big@rolince.com', '$2y$10$bCxsd5as3WB.4B5UR0.FaOQ/PJ5yRa5QCa8cE0rO3r57jZNjeR/3u', 'ELEVE', '2025-12-28 12:16:11', 1),
(66, 'BIG', 'Parent', 'parent@rolince.com', '$2y$10$bCxsd5as3WB.4B5UR0.FaOQ/PJ5yRa5QCa8cE0rO3r57jZNjeR/3u', 'PARENT', '2025-12-28 12:16:11', 1),
(67, 'AG', 'Amir', 'ag@amir.com', '$2y$10$6XGr6SNNy0vX7eq28kh.NOB1OefinMmZa8qqrPhZKQTO3EtB0xnmO', 'ELEVE', '2025-12-28 12:16:58', 1),
(68, 'AG', 'Parent', 'parent@amir.com', '$2y$10$6XGr6SNNy0vX7eq28kh.NOB1OefinMmZa8qqrPhZKQTO3EtB0xnmO', 'PARENT', '2025-12-28 12:16:58', 1),
(69, 'DOSSOU', 'Charbel', 'dossou@charbel.com', '$2y$10$QTfftisCM9Y14GoyX9jb8OiqSi0oxosy7jWZtSouBP2Wwi3t5/EEK', 'ELEVE', '2025-12-28 12:19:23', 1),
(70, 'DOSSOU', 'Parent', 'parent@charbel.com', '$2y$10$QTfftisCM9Y14GoyX9jb8OiqSi0oxosy7jWZtSouBP2Wwi3t5/EEK', 'PARENT', '2025-12-28 12:19:23', 1),
(71, 'AGO', 'Josias', 'ago@josias.com', '$2y$10$mEi84Ok2E9rp9NYYqHnVguuBZtqoAksXJLQY0x1K/gEXguGWW7PVW', 'ELEVE', '2025-12-28 12:20:27', 1),
(72, 'AGO', 'Parent', 'parent@josias.com', '$2y$10$mEi84Ok2E9rp9NYYqHnVguuBZtqoAksXJLQY0x1K/gEXguGWW7PVW', 'PARENT', '2025-12-28 12:20:27', 1),
(73, 'AGOSSA', 'Man', 'agossa@man.com', '$2y$10$rHfsfOkwz0YbDbnOAHF/5eEVZzbs0R6tE7sQGRCz27wfggMhVqIgm', 'ELEVE', '2025-12-28 12:21:29', 1),
(74, 'AGOSSA', 'Parent', 'parent@man.com', '$2y$10$rHfsfOkwz0YbDbnOAHF/5eEVZzbs0R6tE7sQGRCz27wfggMhVqIgm', 'PARENT', '2025-12-28 12:21:29', 1),
(75, 'SGH', 'Melchior', 'sgh@melchior', '$2y$10$QNwsOwnIBbtAp2XRFoMPPubuiXiYGLdZXDyTUys5Ca06ECkELmqiO', 'ELEVE', '2025-12-28 12:42:13', 1),
(76, 'SGH', 'Parent', 'parent@melchior', '$2y$10$QNwsOwnIBbtAp2XRFoMPPubuiXiYGLdZXDyTUys5Ca06ECkELmqiO', 'PARENT', '2025-12-28 12:42:13', 1),
(77, 'AYI', 'Forlène', 'ayi@forlene.com', '$2y$10$wp.e9IBRsDatOFuodIuO4uJ/8GhOoHKshcch9U4i6zLUvOhxECY/S', 'ELEVE', '2025-12-28 12:43:46', 1),
(78, 'AYI', 'Parent', 'parent@forlene.com', '$2y$10$wp.e9IBRsDatOFuodIuO4uJ/8GhOoHKshcch9U4i6zLUvOhxECY/S', 'PARENT', '2025-12-28 12:43:46', 1),
(79, 'FORE', 'Epiou', 'fore@epiou.com', '$2y$10$WtZMv6bk3cIdAMFum9Fic.BA8Zd/4zos83Fvk6wZ9y4Hf2OTVZo32', 'ELEVE', '2025-12-28 12:44:33', 1),
(80, 'FORE', 'Parent', 'parent@epiou.com', '$2y$10$WtZMv6bk3cIdAMFum9Fic.BA8Zd/4zos83Fvk6wZ9y4Hf2OTVZo32', 'PARENT', '2025-12-28 12:44:33', 1),
(81, 'OLA', 'Mash', 'ola@mash.com', '$2y$10$kQMqH6GjtoubmB3ZlVuNe.yB3Gkxk4ub7HIgLKN2s50CUXBv5OKa6', 'ELEVE', '2025-12-28 12:46:42', 1),
(82, 'OLA', 'Parent', 'parent@mash.com', '$2y$10$kQMqH6GjtoubmB3ZlVuNe.yB3Gkxk4ub7HIgLKN2s50CUXBv5OKa6', 'PARENT', '2025-12-28 12:46:42', 1),
(83, 'ADE', 'Loan', 'loan@gmail.com', '$2y$10$x2zrbJ5Bip9KWWH3TvxOv.0wEoBCXdqzAwW1AAytCucJtEuZVAWGW', 'ELEVE', '2025-12-28 12:52:51', 1),
(84, 'ADE', 'Parent', 'ade@gmail.com', '$2y$10$x2zrbJ5Bip9KWWH3TvxOv.0wEoBCXdqzAwW1AAytCucJtEuZVAWGW', 'PARENT', '2025-12-28 12:52:51', 1),
(85, 'DOSSA', 'Charbel', 'charbel@gmail.com', '$2y$10$0osYi5xMQ3KV7rj2mEw6F.OxO2zIEU99bttxLAHutoZKbvZsr6F0O', 'ELEVE', '2025-12-28 12:53:49', 1),
(86, 'DOSSA', 'Parent', 'dossa@gmail.com', '$2y$10$0osYi5xMQ3KV7rj2mEw6F.OxO2zIEU99bttxLAHutoZKbvZsr6F0O', 'PARENT', '2025-12-28 12:53:49', 1),
(87, 'JAM', 'Jean', 'jean@gmail.com', '$2y$10$aPA6ebm9O/rF6ql4JJkN/.CGbU4eFf8d8osov8SDxGf/MevZLAKQC', 'ELEVE', '2025-12-28 12:54:16', 1),
(88, 'JAM', 'Parent', 'jam@gmail.com', '$2y$10$aPA6ebm9O/rF6ql4JJkN/.CGbU4eFf8d8osov8SDxGf/MevZLAKQC', 'PARENT', '2025-12-28 12:54:16', 1),
(89, 'DJAM', 'Deen', 'deen@gmail.com', '$2y$10$oMdMNyqLxLbjtprLSkBlF.Um75VmteD6BZhyvE/qzWMUY3.n3f4fC', 'ELEVE', '2025-12-28 12:55:27', 1),
(90, 'DJAM', 'Parent', 'djam@gmail.com', '$2y$10$oMdMNyqLxLbjtprLSkBlF.Um75VmteD6BZhyvE/qzWMUY3.n3f4fC', 'PARENT', '2025-12-28 12:55:27', 1),
(91, 'MAKOU', 'Anne', 'anne@gmail.com', '$2y$10$QTmfg9lPToNYPZuRI7vkMuFXfR.KkjbO32yjfSbZredX/yeMAXWle', 'ELEVE', '2025-12-28 12:56:32', 1),
(92, 'MAKOU', 'Parent', 'makou@gmail.com', '$2y$10$QTmfg9lPToNYPZuRI7vkMuFXfR.KkjbO32yjfSbZredX/yeMAXWle', 'PARENT', '2025-12-28 12:56:32', 1),
(93, 'HOUI', 'Marie', 'marie@gmail.com', '$2y$10$Y9ei65LKL73cbfFJARAqkO14bMII4vQ0yMX.PnbcLC2pERdrTTU8G', 'ELEVE', '2025-12-28 12:57:06', 1),
(94, 'HOUI', 'Parent', 'houi@gmail.com', '$2y$10$Y9ei65LKL73cbfFJARAqkO14bMII4vQ0yMX.PnbcLC2pERdrTTU8G', 'PARENT', '2025-12-28 12:57:06', 1),
(95, 'KASSA', 'Dado', 'dado@gmail.com', '$2y$10$BhQ/2gsTepNx4XGBgcUoEuJAfWS6QN0oR8mUjmHGc0OREJS70boZe', 'ELEVE', '2025-12-28 12:57:36', 1),
(96, 'KASSA', 'Parent', 'kassa@gmail.com', '$2y$10$BhQ/2gsTepNx4XGBgcUoEuJAfWS6QN0oR8mUjmHGc0OREJS70boZe', 'PARENT', '2025-12-28 12:57:36', 1),
(97, 'AKOBI', 'Jacob', 'jacob@gmail.com', '$2y$10$5kn/nvTgb2uk0zMm4f8WtOAQsau1yuV1jd5UCfK1Wsi0tHnJFCrXq', 'ELEVE', '2025-12-28 12:58:18', 1),
(98, 'AKOBI', 'Parent', 'akobi@gmail.com', '$2y$10$5kn/nvTgb2uk0zMm4f8WtOAQsau1yuV1jd5UCfK1Wsi0tHnJFCrXq', 'PARENT', '2025-12-28 12:58:18', 1),
(99, 'SOÏGBE', 'Géred', 'gered@gmail.com', '$2y$10$x4HaClrtVJF8gJM4I2yaLeNnIb/BN3FG/Ar8U3OM7G9TrmL/9P/pK', 'ELEVE', '2025-12-28 12:59:09', 1),
(100, 'SOÏGBE', 'Parent', 'soigbe@gmail.com', '$2y$10$x4HaClrtVJF8gJM4I2yaLeNnIb/BN3FG/Ar8U3OM7G9TrmL/9P/pK', 'PARENT', '2025-12-28 12:59:09', 1),
(101, 'BABO', 'Dim', 'dim@gmail.com', '$2y$10$JzvOh9DMPfqR8C9/yjyVUOJ8DCOEj0QoJC2nmBA9rrqCRdol3SkOG', 'ELEVE', '2025-12-28 12:59:35', 1),
(102, 'BABO', 'Parent', 'babo@gmail.com', '$2y$10$JzvOh9DMPfqR8C9/yjyVUOJ8DCOEj0QoJC2nmBA9rrqCRdol3SkOG', 'PARENT', '2025-12-28 12:59:35', 1),
(103, 'SUCCETTE', 'Bissap', 'bissap@gmail.com', '$2y$10$hf1bjPgctPB.SaNHh7PrMeo9H75u0.LlmmLAXdHnVOT3VY5rrao6u', 'ELEVE', '2025-12-28 12:59:59', 1),
(104, 'SUCCETTE', 'Parent', 'succette@gmail.com', '$2y$10$hf1bjPgctPB.SaNHh7PrMeo9H75u0.LlmmLAXdHnVOT3VY5rrao6u', 'PARENT', '2025-12-28 12:59:59', 1),
(105, 'JUS', 'Ananas', 'ananas@gmail.com', '$2y$10$SrXTsICrC9mpfFqWFqC34uw.0THH4TWUVTed5pfr71azj/.kZ0f2e', 'ELEVE', '2025-12-28 13:00:22', 1),
(106, 'JUS', 'Parent', 'jus@gmail.com', '$2y$10$SrXTsICrC9mpfFqWFqC34uw.0THH4TWUVTed5pfr71azj/.kZ0f2e', 'PARENT', '2025-12-28 13:00:22', 1),
(109, 'SUCCETTE', 'Caramelle', 'caramelle@gmail.com', '$2y$10$XYW9aS5GYpSFHFtPwdZzNuOeZFpP6T2DXu.cH8x5FgHsIqa5d16om', 'ELEVE', '2025-12-28 13:01:00', 1),
(110, 'SUCCETTE', 'Parent', 'succette+1@gmail.com', '$2y$10$XYW9aS5GYpSFHFtPwdZzNuOeZFpP6T2DXu.cH8x5FgHsIqa5d16om', 'PARENT', '2025-12-28 13:01:00', 1),
(111, 'IFRI', 'Labo', 'labo@gmail.com', '$2y$10$vjjQJxSmK/WCzeUgIGvAVeZAK6J1pJFeqgxcdCP9e3lLPYyi7nbyO', 'ELEVE', '2025-12-28 13:02:04', 1),
(112, 'IFRI', 'Parent', 'ifri@gmail.com', '$2y$10$vjjQJxSmK/WCzeUgIGvAVeZAK6J1pJFeqgxcdCP9e3lLPYyi7nbyO', 'PARENT', '2025-12-28 13:02:04', 1),
(113, 'AGBO', 'Camel', 'camel@gmail.com', '$2y$10$GgI9aQ7I3YHu/j2gzkzFieKaeL.6Cb2yqiAYDpntDFJr6xHs5el6K', 'ELEVE', '2025-12-28 13:03:33', 1),
(114, 'AGBO', 'Parent', 'agbo@gmail.com', '$2y$10$GgI9aQ7I3YHu/j2gzkzFieKaeL.6Cb2yqiAYDpntDFJr6xHs5el6K', 'PARENT', '2025-12-28 13:03:33', 1),
(115, 'ABOU', 'Florent', 'florent@gmail.com', '$2y$10$E6YY1atTtr.eK6mtXkOH/eID7b8AmRhgRbTrQu8lIrMW624bo4FxK', 'ELEVE', '2025-12-28 13:04:22', 1),
(116, 'ABOU', 'Parent', 'abou@gmail.com', '$2y$10$E6YY1atTtr.eK6mtXkOH/eID7b8AmRhgRbTrQu8lIrMW624bo4FxK', 'PARENT', '2025-12-28 13:04:22', 1),
(117, 'KALI', 'Félix', 'felix@gmail.com', '$2y$10$IxReyPSO7ZjAVjbu/UKNzOKCXO1qLVKd1ZscOxtgB9ErX4pg1GM9m', 'ELEVE', '2025-12-28 13:05:22', 1),
(118, 'KALI', 'Parent', 'kali@gmail.com', '$2y$10$IxReyPSO7ZjAVjbu/UKNzOKCXO1qLVKd1ZscOxtgB9ErX4pg1GM9m', 'PARENT', '2025-12-28 13:05:22', 1),
(119, 'ABISSI', 'Flore', 'flore@gmail.com', '$2y$10$ooKmwiIbwdCELGVXBbPIIunvT..5CNtW4VEDUzELqjdC3sNr6oz4S', 'ELEVE', '2025-12-28 13:06:39', 1),
(120, 'ABISSI', 'Parent', 'abissi@gmail.com', '$2y$10$ooKmwiIbwdCELGVXBbPIIunvT..5CNtW4VEDUzELqjdC3sNr6oz4S', 'PARENT', '2025-12-28 13:06:39', 1),
(121, 'KOUAKOU', 'Elshson', 'kouakou@yahoo.fr', '$2y$10$Zvu0Nk8fikoxEe0CkGg6.uoEyI3pVHfSwzU8fclzQchebRzhH/936', 'ENSEIGNANT', '2025-12-28 13:12:05', 0),
(122, 'KPEKOU', 'Vad', 'vad@yahoo.fr', '$2y$10$jg.9XRTFxouqA7NLgP3Qeekvhh4E9/0ADmKyq8qNQwz7N3T7ii6Li', 'ENSEIGNANT', '2025-12-28 13:14:03', 1),
(123, 'SAGBO', 'Laurent', 'laurent@yahoo.fr', '$2y$10$eV0wYO62ey3REYnCxZi.LO8jCVGYufWrSfd7fEQ7H3Yl0UGHUn//C', 'ENSEIGNANT', '2025-12-28 13:19:25', 1),
(124, 'ALI', 'Boss', 'boss@yahoo.fr', '$2y$10$UnAo2LsTLao0syo6q50hFOM9NU5S6rE25yYRMUQFJTu38nTNkRIsq', 'ENSEIGNANT', '2025-12-28 13:19:54', 1),
(125, 'AKOWE', 'Kalil', 'kalil@yahoo.fr', '$2y$10$q0ZaYVb413KkW9Yx4qBo6uZlhEAMw6YDGRLHdT0qI3K7FtzoVlYM2', 'ENSEIGNANT', '2025-12-28 13:26:45', 0),
(126, 'ulrich', 'pol', 'pol@gmail', '$2y$10$6r8jJpgRIG/ayecB6x.5neQIBqrEAOdHnL4AQqMOnh3qHBeWhLzKi', 'ELEVE', '2025-12-28 15:09:58', 1),
(127, 'ulrich', 'Parent', 'go@gmail', '$2y$10$6r8jJpgRIG/ayecB6x.5neQIBqrEAOdHnL4AQqMOnh3qHBeWhLzKi', 'PARENT', '2025-12-28 15:09:58', 1);

--
-- Index pour les tables déchargées
--

--
-- Index pour la table `bulletins`
--
ALTER TABLE `bulletins`
  ADD PRIMARY KEY (`id`),
  ADD KEY `eleve_id` (`eleve_id`);

--
-- Index pour la table `classes`
--
ALTER TABLE `classes`
  ADD PRIMARY KEY (`id`);

--
-- Index pour la table `classe_matiere_coeff`
--
ALTER TABLE `classe_matiere_coeff`
  ADD PRIMARY KEY (`classe_id`,`matiere_id`),
  ADD KEY `matiere_id` (`matiere_id`);

--
-- Index pour la table `coefficients`
--
ALTER TABLE `coefficients`
  ADD PRIMARY KEY (`id`),
  ADD KEY `matiere_id` (`matiere_id`);

--
-- Index pour la table `deliberations`
--
ALTER TABLE `deliberations`
  ADD PRIMARY KEY (`id`),
  ADD KEY `classe_id` (`classe_id`),
  ADD KEY `semestre_id` (`semestre_id`),
  ADD KEY `responsable_id` (`responsable_id`);

--
-- Index pour la table `eleves`
--
ALTER TABLE `eleves`
  ADD PRIMARY KEY (`id`),
  ADD UNIQUE KEY `user_id` (`user_id`),
  ADD KEY `classe_id` (`classe_id`),
  ADD KEY `serie_id` (`serie_id`);

--
-- Index pour la table `enseignants`
--
ALTER TABLE `enseignants`
  ADD PRIMARY KEY (`id`),
  ADD UNIQUE KEY `user_id` (`user_id`);

--
-- Index pour la table `enseignant_classe`
--
ALTER TABLE `enseignant_classe`
  ADD PRIMARY KEY (`enseignant_id`,`classe_id`),
  ADD KEY `classe_id` (`classe_id`);

--
-- Index pour la table `evaluations`
--
ALTER TABLE `evaluations`
  ADD PRIMARY KEY (`id`),
  ADD KEY `matiere_id` (`matiere_id`),
  ADD KEY `eleve_id` (`eleve_id`),
  ADD KEY `semestre_id` (`semestre_id`);

--
-- Index pour la table `matieres`
--
ALTER TABLE `matieres`
  ADD PRIMARY KEY (`id`);

--
-- Index pour la table `notes`
--
ALTER TABLE `notes`
  ADD PRIMARY KEY (`id`),
  ADD UNIQUE KEY `unique_note_eval` (`eleve_id`,`matiere_id`,`semestre_id`,`type_evaluation`,`numero_evaluation`),
  ADD KEY `matiere_id` (`matiere_id`),
  ADD KEY `semestre_id` (`semestre_id`);

--
-- Index pour la table `notifications`
--
ALTER TABLE `notifications`
  ADD PRIMARY KEY (`id`),
  ADD KEY `user_id` (`user_id`);

--
-- Index pour la table `parents`
--
ALTER TABLE `parents`
  ADD PRIMARY KEY (`id`),
  ADD UNIQUE KEY `user_id` (`user_id`);

--
-- Index pour la table `parent_eleve`
--
ALTER TABLE `parent_eleve`
  ADD PRIMARY KEY (`parent_id`,`eleve_id`),
  ADD KEY `eleve_id` (`eleve_id`);

--
-- Index pour la table `responsables`
--
ALTER TABLE `responsables`
  ADD PRIMARY KEY (`id`),
  ADD UNIQUE KEY `user_id` (`user_id`);

--
-- Index pour la table `semestres`
--
ALTER TABLE `semestres`
  ADD PRIMARY KEY (`id`);

--
-- Index pour la table `series`
--
ALTER TABLE `series`
  ADD PRIMARY KEY (`id`);

--
-- Index pour la table `statistiques`
--
ALTER TABLE `statistiques`
  ADD PRIMARY KEY (`id`),
  ADD KEY `eleve_id` (`eleve_id`);

--
-- Index pour la table `users`
--
ALTER TABLE `users`
  ADD PRIMARY KEY (`id`),
  ADD UNIQUE KEY `email` (`email`);

--
-- AUTO_INCREMENT pour les tables déchargées
--

--
-- AUTO_INCREMENT pour la table `bulletins`
--
ALTER TABLE `bulletins`
  MODIFY `id` int(11) NOT NULL AUTO_INCREMENT;

--
-- AUTO_INCREMENT pour la table `classes`
--
ALTER TABLE `classes`
  MODIFY `id` int(11) NOT NULL AUTO_INCREMENT, AUTO_INCREMENT=21;

--
-- AUTO_INCREMENT pour la table `coefficients`
--
ALTER TABLE `coefficients`
  MODIFY `id` int(11) NOT NULL AUTO_INCREMENT;

--
-- AUTO_INCREMENT pour la table `deliberations`
--
ALTER TABLE `deliberations`
  MODIFY `id` int(11) NOT NULL AUTO_INCREMENT, AUTO_INCREMENT=2;

--
-- AUTO_INCREMENT pour la table `eleves`
--
ALTER TABLE `eleves`
  MODIFY `id` int(11) NOT NULL AUTO_INCREMENT, AUTO_INCREMENT=52;

--
-- AUTO_INCREMENT pour la table `enseignants`
--
ALTER TABLE `enseignants`
  MODIFY `id` int(11) NOT NULL AUTO_INCREMENT, AUTO_INCREMENT=9;

--
-- AUTO_INCREMENT pour la table `evaluations`
--
ALTER TABLE `evaluations`
  MODIFY `id` int(11) NOT NULL AUTO_INCREMENT;

--
-- AUTO_INCREMENT pour la table `matieres`
--
ALTER TABLE `matieres`
  MODIFY `id` int(11) NOT NULL AUTO_INCREMENT, AUTO_INCREMENT=14;

--
-- AUTO_INCREMENT pour la table `notes`
--
ALTER TABLE `notes`
  MODIFY `id` int(11) NOT NULL AUTO_INCREMENT, AUTO_INCREMENT=979;

--
-- AUTO_INCREMENT pour la table `notifications`
--
ALTER TABLE `notifications`
  MODIFY `id` int(11) NOT NULL AUTO_INCREMENT, AUTO_INCREMENT=2;

--
-- AUTO_INCREMENT pour la table `parents`
--
ALTER TABLE `parents`
  MODIFY `id` int(11) NOT NULL AUTO_INCREMENT, AUTO_INCREMENT=36;

--
-- AUTO_INCREMENT pour la table `responsables`
--
ALTER TABLE `responsables`
  MODIFY `id` int(11) NOT NULL AUTO_INCREMENT, AUTO_INCREMENT=2;

--
-- AUTO_INCREMENT pour la table `semestres`
--
ALTER TABLE `semestres`
  MODIFY `id` int(11) NOT NULL AUTO_INCREMENT, AUTO_INCREMENT=7;

--
-- AUTO_INCREMENT pour la table `series`
--
ALTER TABLE `series`
  MODIFY `id` int(11) NOT NULL AUTO_INCREMENT, AUTO_INCREMENT=5;

--
-- AUTO_INCREMENT pour la table `statistiques`
--
ALTER TABLE `statistiques`
  MODIFY `id` int(11) NOT NULL AUTO_INCREMENT;

--
-- AUTO_INCREMENT pour la table `users`
--
ALTER TABLE `users`
  MODIFY `id` int(11) NOT NULL AUTO_INCREMENT, AUTO_INCREMENT=128;

--
-- Contraintes pour les tables déchargées
--

--
-- Contraintes pour la table `bulletins`
--
ALTER TABLE `bulletins`
  ADD CONSTRAINT `bulletins_ibfk_1` FOREIGN KEY (`eleve_id`) REFERENCES `eleves` (`id`) ON DELETE CASCADE;

--
-- Contraintes pour la table `classe_matiere_coeff`
--
ALTER TABLE `classe_matiere_coeff`
  ADD CONSTRAINT `classe_matiere_coeff_ibfk_1` FOREIGN KEY (`classe_id`) REFERENCES `classes` (`id`) ON DELETE CASCADE,
  ADD CONSTRAINT `classe_matiere_coeff_ibfk_2` FOREIGN KEY (`matiere_id`) REFERENCES `matieres` (`id`) ON DELETE CASCADE;

--
-- Contraintes pour la table `coefficients`
--
ALTER TABLE `coefficients`
  ADD CONSTRAINT `coefficients_ibfk_1` FOREIGN KEY (`matiere_id`) REFERENCES `matieres` (`id`) ON DELETE CASCADE;

--
-- Contraintes pour la table `deliberations`
--
ALTER TABLE `deliberations`
  ADD CONSTRAINT `deliberations_ibfk_1` FOREIGN KEY (`classe_id`) REFERENCES `classes` (`id`) ON DELETE CASCADE,
  ADD CONSTRAINT `deliberations_ibfk_2` FOREIGN KEY (`semestre_id`) REFERENCES `semestres` (`id`) ON DELETE CASCADE,
  ADD CONSTRAINT `deliberations_ibfk_3` FOREIGN KEY (`responsable_id`) REFERENCES `users` (`id`) ON DELETE CASCADE;

--
-- Contraintes pour la table `eleves`
--
ALTER TABLE `eleves`
  ADD CONSTRAINT `eleves_ibfk_1` FOREIGN KEY (`user_id`) REFERENCES `users` (`id`) ON DELETE CASCADE,
  ADD CONSTRAINT `eleves_ibfk_2` FOREIGN KEY (`classe_id`) REFERENCES `classes` (`id`) ON DELETE CASCADE,
  ADD CONSTRAINT `eleves_ibfk_3` FOREIGN KEY (`serie_id`) REFERENCES `series` (`id`) ON DELETE SET NULL;

--
-- Contraintes pour la table `enseignants`
--
ALTER TABLE `enseignants`
  ADD CONSTRAINT `enseignants_ibfk_1` FOREIGN KEY (`user_id`) REFERENCES `users` (`id`) ON DELETE CASCADE;

--
-- Contraintes pour la table `enseignant_classe`
--
ALTER TABLE `enseignant_classe`
  ADD CONSTRAINT `enseignant_classe_ibfk_1` FOREIGN KEY (`enseignant_id`) REFERENCES `enseignants` (`id`) ON DELETE CASCADE,
  ADD CONSTRAINT `enseignant_classe_ibfk_2` FOREIGN KEY (`classe_id`) REFERENCES `classes` (`id`) ON DELETE CASCADE;

--
-- Contraintes pour la table `evaluations`
--
ALTER TABLE `evaluations`
  ADD CONSTRAINT `evaluations_ibfk_1` FOREIGN KEY (`matiere_id`) REFERENCES `matieres` (`id`) ON DELETE CASCADE,
  ADD CONSTRAINT `evaluations_ibfk_2` FOREIGN KEY (`eleve_id`) REFERENCES `eleves` (`id`) ON DELETE CASCADE,
  ADD CONSTRAINT `evaluations_ibfk_3` FOREIGN KEY (`semestre_id`) REFERENCES `semestres` (`id`) ON DELETE CASCADE;

--
-- Contraintes pour la table `notes`
--
ALTER TABLE `notes`
  ADD CONSTRAINT `notes_ibfk_1` FOREIGN KEY (`eleve_id`) REFERENCES `eleves` (`id`) ON DELETE CASCADE,
  ADD CONSTRAINT `notes_ibfk_2` FOREIGN KEY (`matiere_id`) REFERENCES `matieres` (`id`) ON DELETE CASCADE,
  ADD CONSTRAINT `notes_ibfk_3` FOREIGN KEY (`semestre_id`) REFERENCES `semestres` (`id`) ON DELETE CASCADE;

--
-- Contraintes pour la table `notifications`
--
ALTER TABLE `notifications`
  ADD CONSTRAINT `notifications_ibfk_1` FOREIGN KEY (`user_id`) REFERENCES `users` (`id`) ON DELETE CASCADE;

--
-- Contraintes pour la table `parents`
--
ALTER TABLE `parents`
  ADD CONSTRAINT `parents_ibfk_1` FOREIGN KEY (`user_id`) REFERENCES `users` (`id`) ON DELETE CASCADE;

--
-- Contraintes pour la table `parent_eleve`
--
ALTER TABLE `parent_eleve`
  ADD CONSTRAINT `parent_eleve_ibfk_1` FOREIGN KEY (`parent_id`) REFERENCES `parents` (`id`) ON DELETE CASCADE,
  ADD CONSTRAINT `parent_eleve_ibfk_2` FOREIGN KEY (`eleve_id`) REFERENCES `eleves` (`id`) ON DELETE CASCADE;

--
-- Contraintes pour la table `responsables`
--
ALTER TABLE `responsables`
  ADD CONSTRAINT `responsables_ibfk_1` FOREIGN KEY (`user_id`) REFERENCES `users` (`id`) ON DELETE CASCADE;

--
-- Contraintes pour la table `statistiques`
--
ALTER TABLE `statistiques`
  ADD CONSTRAINT `statistiques_ibfk_1` FOREIGN KEY (`eleve_id`) REFERENCES `eleves` (`id`) ON DELETE CASCADE;
COMMIT;

/*!40101 SET CHARACTER_SET_CLIENT=@OLD_CHARACTER_SET_CLIENT */;
/*!40101 SET CHARACTER_SET_RESULTS=@OLD_CHARACTER_SET_RESULTS */;
/*!40101 SET COLLATION_CONNECTION=@OLD_COLLATION_CONNECTION */;
